"","gRNA.id","gRNA.alignment.length","bitscore","aligned.sequence","cigar.string","total.mismatch.N","mismatch.position","validation","gRNA.energy","PAM.sequence","GC.content","NA","NA"
"1645","gRNA_6",23,38.2,"ATTATTCACGGCACTTGCCTCAG","|||||X|||||||||||||||||",1,"6","valid","YIL146C",-4,"ATTATTCACGGCACTTGCCTCAG",47.8260869565217,"IX:7518-7540"
"1640","gRNA_6",23,38.2,"ATTATTCACGGCACTTGCCTCAG","|||||X|||||||||||||||||",1,"6","valid","YCL074W",-4,"ATTATTCACGGCACTTGCCTCAG",47.8260869565217,"III:316049-316027"
"1639","gRNA_6",23,38.2,"ATTATTCACGGCACTTGCCTCAG","|||||X|||||||||||||||||",1,"6","valid","intergenic",-4,"ATTATTCACGGCACTTGCCTCAG",47.8260869565217,"III:832-854"
"1628","gRNA_6",23,38.2,"ATTATTCACGGCACTTGCCTCAG","|||||X|||||||||||||||||",1,"6","valid","YJL191W",-4,"ATTATTCACGGCACTTGCCTCAG",47.8260869565217,"X:745168-745146"
"1627","gRNA_6",23,38.2,"ATTATTCACGGCACTTGCCTCAG","|||||X|||||||||||||||||",1,"6","valid","YJL190C",-4,"ATTATTCACGGCACTTGCCTCAG",47.8260869565217,"X:7501-7523"
"1616","gRNA_6",23,38.2,"ATTATTCACGGCACTTGCCTCAG","|||||X|||||||||||||||||",1,"6","valid","YLL019C",-4,"ATTATTCACGGCACTTGCCTCAG",47.8260869565217,"XII:1064547-1064525"
"1615","gRNA_6",23,38.2,"ATTATTCACGGCACTTGCCTCAG","|||||X|||||||||||||||||",1,"6","valid","YLL065W",-4,"ATTATTCACGGCACTTGCCTCAG",47.8260869565217,"XII:11819-11841"
"1606","gRNA_6",23,38.2,"ATTATTCACGGCACTTGCCTCAG","|||||X|||||||||||||||||",1,"6","valid","YHL027W",-4,"ATTATTCACGGCACTTGCCTCAG",47.8260869565217,"VIII:5239-5261"
"1605","gRNA_6",23,38.2,"ATTATTCACGGCACTTGCCTCAG","|||||X|||||||||||||||||",1,"6","valid","YFL063W",-4,"ATTATTCACGGCACTTGCCTCAG",47.8260869565217,"VI:5264-5286"
"1600","gRNA_6",23,38.2,"ATTATTCACGGCACTTGCCTCAG","|||||X|||||||||||||||||",1,"6","valid","YEL075C",-4,"ATTATTCACGGCACTTGCCTCAG",47.8260869565217,"V:569865-569843"
"1592","gRNA_6",23,38.2,"ATTATTCACGGCACTTGCCTCAG","|||||X|||||||||||||||||",1,"6","valid","YNL295W",-4,"ATTATTCACGGCACTTGCCTCAG",47.8260869565217,"XIV:783544-783522"
"1591","gRNA_6",23,38.2,"ATTATTCACGGCACTTGCCTCAG","|||||X|||||||||||||||||",1,"6","valid","intergenic",-4,"ATTATTCACGGCACTTGCCTCAG",47.8260869565217,"XIV:7162-7184"
"1581","gRNA_6",23,38.2,"ATTATTCACGGCACTTGCCTCAG","|||||X|||||||||||||||||",1,"6","valid","YPL242C",-4,"ATTATTCACGGCACTTGCCTCAG",47.8260869565217,"XVI:942633-942611"
"1580","gRNA_6",23,38.2,"ATTATTCACGGCACTTGCCTCAG","||||||X||||||||||||||||",1,"7","valid","YPL254W",-4,"ATTATTCACGGCACTTGCCTCAG",47.8260869565217,"XVI:6957-6979"
"1570","gRNA_6",23,30.2,"ATTATTCACGGCACTTGCCTCAG","|||||X||||||X||||||||||",2,"6,13","valid","intergenic",-4,"ATTATTCACGGCACTTGCCTCAG",47.8260869565217,"XV:582-604"
"1569","gRNA_6",23,38.2,"ATTATTCACGGCACTTGCCTCAG","||||||X||||||||||||||||",1,"7","valid","YOL166C",-4,"ATTATTCACGGCACTTGCCTCAG",47.8260869565217,"XV:1084188-1084166"
"1564","gRNA_6",23,38.2,"ATTATTCACGGCACTTGCCTCAG","|||||X|||||||||||||||||",1,"6","valid","YAL069W",-4,"ATTATTCACGGCACTTGCCTCAG",47.8260869565217,"I:535-557"
"1553","gRNA_6",23,38.2,"ATTATTCACGGCACTTGCCTCAG","|||||X|||||||||||||||||",1,"6","valid","YKL225W",-4,"ATTATTCACGGCACTTGCCTCAG",47.8260869565217,"XI:666170-666148"
"1552","gRNA_6",23,46.1,"ATTATTCACGGCACTTGCCTCAG","|||||||||||||||||||||||",0,"0","valid","YKL225W",-4,"ATTATTCACGGCACTTGCCTCAG",47.8260869565217,"XI:541-563"
"1526","gRNA_6",23,38.2,"ATTATTCACGGCACTTGCCTCAG","|||||X|||||||||||||||||",1,"6","valid","YDL171C",-4,"ATTATTCACGGCACTTGCCTCAG",47.8260869565217,"IV:1524891-1524869"
"1525","gRNA_6",23,46.1,"ATTATTCACGGCACTTGCCTCAG","|||||||||||||||||||||||",0,"0","valid","YDL247W",-4,"ATTATTCACGGCACTTGCCTCAG",47.8260869565217,"IV:638-660"
"1518","gRNA_6",23,38.2,"ATTATTCACGGCACTTGCCTCAG","|||||X|||||||||||||||||",1,"6","valid","intergenic",-4,"ATTATTCACGGCACTTGCCTCAG",47.8260869565217,"II:6342-6364"
"1517","gRNA_6",23,46.1,"ATTATTCACGGCACTTGCCTCAG","|||||||||||||||||||||||",0,"0","valid","YBL077W",-4,"ATTATTCACGGCACTTGCCTCAG",47.8260869565217,"II:812645-812623"
"1502","gRNA_6",23,38.2,"ATTATTCACGGCACTTGCCTCAG","|||||X|||||||||||||||||",1,"6","valid","YML088W",-4,"ATTATTCACGGCACTTGCCTCAG",47.8260869565217,"XIII:923805-923783"
"1501","gRNA_6",23,46.1,"ATTATTCACGGCACTTGCCTCAG","|||||||||||||||||||||||",0,"0","valid","YML104C",-4,"ATTATTCACGGCACTTGCCTCAG",47.8260869565217,"XIII:6078-6100"
"1485","gRNA_6",23,30.2,"ATTATTCACGGCACTTGCCTCAG","|||||X||||||X||||||||||",2,"6,13","valid","YGL205W",-4,"ATTATTCACGGCACTTGCCTCAG",47.8260869565217,"VII:1083900-1083878"
"1484","gRNA_6",23,46.1,"ATTATTCACGGCACTTGCCTCAG","|||||||||||||||||||||||",0,"0","valid","intergenic",-4,"ATTATTCACGGCACTTGCCTCAG",47.8260869565217,"VII:515-537"
"5503","gRNA_19",20,24.3,"AATCTGGTAGAGTACCATGG","XXX||||||X|X|||||||||||",5,"1,2,3,10,12","valid","YDL171C",-3.3,"CTCAATCTGGTAGAGTACCATGG",47.8260869565217,"IV:1523553-1523534"
"5486","gRNA_19",20,24.3,"AATCTGGTAGAGTACCATGG","XXX||||||X|X|||||||||||",5,"1,2,3,10,12","valid","YHL046C",-3.3,"CTCAATCTGGTAGAGTACCATGG",47.8260869565217,"VIII:11981-12000"
"5470","gRNA_19",20,24.3,"AATCTGGTAGAGTACCATGG","XXX||||||X|X|||||||||||",5,"1,2,3,10,12","valid","YBL077W",-3.3,"CTCAATCTGGTAGAGTACCATGG",47.8260869565217,"II:809361-809342"
"5467","gRNA_19",20,24.3,"AATCTGGTAGAGTACCATGG","XXX||||||X|X|||||||||||",5,"1,2,3,10,12","valid","YBL108C-A",-3.3,"CTCAATCTGGTAGAGTACCATGG",47.8260869565217,"II:7663-7682"
"5457","gRNA_19",20,24.3,"AATCTGGTAGAGTACCATGG","XXX||||||X|X|||||||||||",5,"1,2,3,10,12","valid","intergenic",-3.3,"CTCAATCTGGTAGAGTACCATGG",47.8260869565217,"I:176713-176732"
"5456","gRNA_19",20,24.3,"AATCTGGTAGAGTACCATGG","XXX||||||X|X|||||||||||",5,"1,2,3,10,12","valid","YAL068C",-3.3,"CTCAATCTGGTAGAGTACCATGG",47.8260869565217,"I:1865-1884"
"5438","gRNA_19",20,24.3,"AATCTGGTAGAGTACCATGG","XXX||||||X|X|||||||||||",5,"1,2,3,10,12","valid","YGR294W",-3.3,"CTCAATCTGGTAGAGTACCATGG",47.8260869565217,"VII:1080610-1080591"
"5434","gRNA_19",20,24.3,"AATCTGGTAGAGTACCATGG","XXX||||||X|X|||||||||||",5,"1,2,3,10,12","valid","YGL261C",-3.3,"CTCAATCTGGTAGAGTACCATGG",47.8260869565217,"VII:6348-6367"
"5420","gRNA_19",20,24.3,"AATCTGGTAGAGTACCATGG","XXX||||||X|X|||||||||||",5,"1,2,3,10,12","valid","YEL074W",-3.3,"CTCAATCTGGTAGAGTACCATGG",47.8260869565217,"V:64032-64013"
"5410","gRNA_19",23,30.2,"CTCAATCTGGTAGAGTACCATGG","||||||||X||X|||||||||||",2,"9,12","valid","YCL074W",-3.3,"CTCAATCTGGTAGAGTACCATGG",47.8260869565217,"III:308117-308095"
"5392","gRNA_19",23,30.2,"CTCAATCTGGTAGAGTACCATGG","||||||||X||X|||||||||||",2,"9,12","valid","YML088W",-3.3,"CTCAATCTGGTAGAGTACCATGG",47.8260869565217,"XIII:922957-922935"
"5387","gRNA_19",20,32.2,"AATCTGGTAGAGTACCATGG","XXX||||||X|||||||||||||",4,"1,2,3,10","valid","YFL020C",-3.3,"CTCAATCTGGTAGAGTACCATGG",47.8260869565217,"VI:99289-99308"
"5373","gRNA_19",20,32.2,"AATCTGGTAGAGTACCATGG","XXX||||||||X|||||||||||",4,"1,2,3,12","valid","YNL295W",-3.3,"CTCAATCTGGTAGAGTACCATGG",47.8260869565217,"XIV:782222-782203"
"5359","gRNA_19",20,24.3,"AATCTGGTAGAGTACCATGG","XXX||||||X|X|||||||||||",5,"1,2,3,10,12","valid","YJL223C",-3.3,"CTCAATCTGGTAGAGTACCATGG",47.8260869565217,"X:8834-8853"
"5357","gRNA_19",22,36.2,"TCAATCTGGTAGAGTACCATGG","X|||||||X||||||||||||||",2,"1,9","valid","YJR150C",-3.3,"CTCAATCTGGTAGAGTACCATGG",47.8260869565217,"X:709395-709416"
"5341","gRNA_19",23,46.1,"CTCAATCTGGTAGAGTACCATGG","|||||||||||||||||||||||",0,"0","valid","YKL224C",-3.3,"CTCAATCTGGTAGAGTACCATGG",47.8260869565217,"XI:1865-1887"
"5333","gRNA_19",20,24.3,"AATCTGGTAGAGTACCATGG","XXX||||||X|X|||||||||||",5,"1,2,3,10,12","valid","YIL176C",-3.3,"CTCAATCTGGTAGAGTACCATGG",47.8260869565217,"IX:8851-8870"
"5332","gRNA_19",23,46.1,"CTCAATCTGGTAGAGTACCATGG","|||||||||||||||||||||||",0,"0","valid","YIL159W",-3.3,"CTCAATCTGGTAGAGTACCATGG",47.8260869565217,"IX:434245-434223"
"5310","gRNA_19",20,24.3,"AATCTGGTAGAGTACCATGG","XXX||||||X|X|||||||||||",5,"1,2,3,10,12","valid","YLL019C",-3.3,"CTCAATCTGGTAGAGTACCATGG",47.8260869565217,"XII:1063223-1063204"
"5308","gRNA_19",20,32.2,"AATCTGGTAGAGTACCATGG","XXX||||||||X|||||||||||",4,"1,2,3,12","valid","YLL064C",-3.3,"CTCAATCTGGTAGAGTACCATGG",47.8260869565217,"XII:13141-13160"
"5307","gRNA_19",23,38.2,"CTCAATCTGGTAGAGTACCATGG","|||||||||||X|||||||||||",1,"12","valid","YLR037C",-3.3,"CTCAATCTGGTAGAGTACCATGG",47.8260869565217,"XII:222743-222765"
"5306","gRNA_19",23,46.1,"CTCAATCTGGTAGAGTACCATGG","|||||||||||||||||||||||",0,"0","valid","YLL066C",-3.3,"CTCAATCTGGTAGAGTACCATGG",47.8260869565217,"XII:95063-95041"
"5272","gRNA_19",23,46.1,"CTCAATCTGGTAGAGTACCATGG","|||||||||||||||||||||||",0,"0","valid","YPL282C",-3.3,"CTCAATCTGGTAGAGTACCATGG",47.8260869565217,"XVI:7991-8013"
"5245","gRNA_19",20,32.2,"AATCTGGTAGAGTACCATGG","XXX||||||||X|||||||||||",4,"1,2,3,12","valid","YOL166C",-3.3,"CTCAATCTGGTAGAGTACCATGG",47.8260869565217,"XV:11607-11626"
"5244","gRNA_19",23,46.1,"CTCAATCTGGTAGAGTACCATGG","|||||||||||||||||||||||",0,"0","valid","YOL166C",-3.3,"CTCAATCTGGTAGAGTACCATGG",47.8260869565217,"XV:1083154-1083132"
"6189","gRNA_21",23,38.2,"TGGAATACCAGTCAACATGGTGG","||||||||||||||||||X||||",1,"19","valid","YCL074W",-3.9,"TGGAATACCAGTCAACATGGTGG",47.8260869565217,"III:308061-308039"
"6144","gRNA_21",20,40.1,"AATACCAGTCAACATGGTGG","XXX||||||||||||||||||||",3,"1,2,3","valid","YDL171C",-3.9,"TGGAATACCAGTCAACATGGTGG",47.8260869565217,"IV:1523497-1523478"
"6126","gRNA_21",20,40.1,"AATACCAGTCAACATGGTGG","XXX||||||||||||||||||||",3,"1,2,3","valid","YJR150C",-3.9,"TGGAATACCAGTCAACATGGTGG",47.8260869565217,"X:709453-709472"
"6125","gRNA_21",20,40.1,"AATACCAGTCAACATGGTGG","XXX||||||||||||||||||||",3,"1,2,3","valid","YJL223C",-3.9,"TGGAATACCAGTCAACATGGTGG",47.8260869565217,"X:8890-8909"
"6092","gRNA_21",22,36.2,"GGAATACCAGTCAACATGGTGG","X|||||||||||||||||X||||",2,"1,19","valid","YLR037C",-3.9,"TGGAATACCAGTCAACATGGTGG",47.8260869565217,"XII:222800-222821"
"6091","gRNA_21",20,40.1,"AATACCAGTCAACATGGTGG","XXX||||||||||||||||||||",3,"1,2,3","valid","YLL019C",-3.9,"TGGAATACCAGTCAACATGGTGG",47.8260869565217,"XII:1063167-1063148"
"6090","gRNA_21",20,40.1,"AATACCAGTCAACATGGTGG","XXX||||||||||||||||||||",3,"1,2,3","valid","YLL064C",-3.9,"TGGAATACCAGTCAACATGGTGG",47.8260869565217,"XII:13197-13216"
"6077","gRNA_21",20,40.1,"AATACCAGTCAACATGGTGG","XXX||||||||||||||||||||",3,"1,2,3","valid","YHL046C",-3.9,"TGGAATACCAGTCAACATGGTGG",47.8260869565217,"VIII:12037-12056"
"6064","gRNA_21",20,40.1,"AATACCAGTCAACATGGTGG","XXX||||||||||||||||||||",3,"1,2,3","valid","YEL074W",-3.9,"TGGAATACCAGTCAACATGGTGG",47.8260869565217,"V:63976-63957"
"6046","gRNA_21",20,32.2,"AATACCAGTCAACATGGTGG","XXX||||||X|||||||||||||",4,"1,2,3,10","valid","YBL077W",-3.9,"TGGAATACCAGTCAACATGGTGG",47.8260869565217,"II:809305-809286"
"6045","gRNA_21",20,40.1,"AATACCAGTCAACATGGTGG","XXX||||||||||||||||||||",3,"1,2,3","valid","YBL079W",-3.9,"TGGAATACCAGTCAACATGGTGG",47.8260869565217,"II:7719-7738"
"6024","gRNA_21",20,40.1,"AATACCAGTCAACATGGTGG","XXX||||||||||||||||||||",3,"1,2,3","valid","YNL295W",-3.9,"TGGAATACCAGTCAACATGGTGG",47.8260869565217,"XIV:782166-782147"
"6004","gRNA_21",20,40.1,"AATACCAGTCAACATGGTGG","XXX||||||||||||||||||||",3,"1,2,3","valid","YGR294W",-3.9,"TGGAATACCAGTCAACATGGTGG",47.8260869565217,"VII:1080554-1080535"
"6003","gRNA_21",20,40.1,"AATACCAGTCAACATGGTGG","XXX||||||||||||||||||||",3,"1,2,3","valid","YGL261C",-3.9,"TGGAATACCAGTCAACATGGTGG",47.8260869565217,"VII:6404-6423"
"5997","gRNA_21",22,44.1,"GGAATACCAGTCAACATGGTGG","X||||||||||||||||||||||",1,"1","valid","YFL020C",-3.9,"TGGAATACCAGTCAACATGGTGG",47.8260869565217,"VI:99343-99364"
"5990","gRNA_21",20,32.2,"AATACCAGTCAACATGGTGG","XXX||||||X|||||||||||||",4,"1,2,3,10","valid","YAL068C",-3.9,"TGGAATACCAGTCAACATGGTGG",47.8260869565217,"I:1921-1940"
"5989","gRNA_21",22,44.1,"GGAATACCAGTCAACATGGTGG","X||||||||||||||||||||||",1,"1","valid","intergenic",-3.9,"TGGAATACCAGTCAACATGGTGG",47.8260869565217,"I:176767-176788"
"5968","gRNA_21",23,46.1,"TGGAATACCAGTCAACATGGTGG","|||||||||||||||||||||||",0,"0","valid","YKL224C",-3.9,"TGGAATACCAGTCAACATGGTGG",47.8260869565217,"XI:1921-1943"
"5961","gRNA_21",20,40.1,"AATACCAGTCAACATGGTGG","XXX||||||||||||||||||||",3,"1,2,3","valid","YIL176C",-3.9,"TGGAATACCAGTCAACATGGTGG",47.8260869565217,"IX:8907-8926"
"5960","gRNA_21",23,46.1,"TGGAATACCAGTCAACATGGTGG","|||||||||||||||||||||||",0,"0","valid","YIL159W",-3.9,"TGGAATACCAGTCAACATGGTGG",47.8260869565217,"IX:434189-434167"
"5936","gRNA_21",23,46.1,"TGGAATACCAGTCAACATGGTGG","|||||||||||||||||||||||",0,"0","valid","YML088W",-3.9,"TGGAATACCAGTCAACATGGTGG",47.8260869565217,"XIII:922901-922879"
"5905","gRNA_21",23,46.1,"TGGAATACCAGTCAACATGGTGG","|||||||||||||||||||||||",0,"0","valid","YPL282C",-3.9,"TGGAATACCAGTCAACATGGTGG",47.8260869565217,"XVI:8047-8069"
"5881","gRNA_21",20,40.1,"AATACCAGTCAACATGGTGG","XXX||||||||||||||||||||",3,"1,2,3","valid","YOL166C",-3.9,"TGGAATACCAGTCAACATGGTGG",47.8260869565217,"XV:11663-11682"
"5880","gRNA_21",23,46.1,"TGGAATACCAGTCAACATGGTGG","|||||||||||||||||||||||",0,"0","valid","YOL166C",-3.9,"TGGAATACCAGTCAACATGGTGG",47.8260869565217,"XV:1083098-1083076"
"5207","gRNA_18",23,38.2,"TGTAGATACCGTCCTTGGATAGA","|||||||||||X|||||||||||",1,"12","valid","YDL171C",-1.2,"TGTAGATACCGTCCTTGGATAGA",43.4782608695652,"IV:1523597-1523575"
"5199","gRNA_18",23,38.2,"TGTAGATACCGTCCTTGGATAGA","||||||||||||||||X||||||",1,"17","valid","YCL074W",-1.2,"TGTAGATACCGTCCTTGGATAGA",43.4782608695652,"III:308158-308136"
"5178","gRNA_18",23,38.2,"TGTAGATACCGTCCTTGGATAGA","||||||||||||||||X||||||",1,"17","valid","YML088W",-1.2,"TGTAGATACCGTCCTTGGATAGA",43.4782608695652,"XIII:922998-922976"
"5159","gRNA_18",23,38.2,"TGTAGATACCGTCCTTGGATAGA","||||||||||||||||X||||||",1,"17","valid","YPL282C",-1.2,"TGTAGATACCGTCCTTGGATAGA",43.4782608695652,"XVI:7950-7972"
"5139","gRNA_18",23,30.2,"TGTAGATACCGTCCTTGGATAGA","||||||||||X||X|||||||||",2,"11,14","valid","YOL166C",-1.2,"TGTAGATACCGTCCTTGGATAGA",43.4782608695652,"XV:11563-11585"
"5138","gRNA_18",23,38.2,"TGTAGATACCGTCCTTGGATAGA","||||||||||||||||X||||||",1,"17","valid","YOL166C",-1.2,"TGTAGATACCGTCCTTGGATAGA",43.4782608695652,"XV:1083195-1083173"
"5121","gRNA_18",23,46.1,"TGTAGATACCGTCCTTGGATAGA","|||||||||||||||||||||||",0,"0","valid","YKL224C",-1.2,"TGTAGATACCGTCCTTGGATAGA",43.4782608695652,"XI:1824-1846"
"5105","gRNA_18",23,30.2,"TGTAGATACCGTCCTTGGATAGA","||||X|||||||||||X||||||",2,"5,17","valid","YIL159W",-1.2,"TGTAGATACCGTCCTTGGATAGA",43.4782608695652,"IX:434286-434264"
"5104","gRNA_18",23,46.1,"TGTAGATACCGTCCTTGGATAGA","|||||||||||||||||||||||",0,"0","valid","YIL176C",-1.2,"TGTAGATACCGTCCTTGGATAGA",43.4782608695652,"IX:8807-8829"
"5092","gRNA_18",23,46.1,"TGTAGATACCGTCCTTGGATAGA","|||||||||||||||||||||||",0,"0","valid","YJL223C",-1.2,"TGTAGATACCGTCCTTGGATAGA",43.4782608695652,"X:8790-8812"
"5071","gRNA_18",23,30.2,"TGTAGATACCGTCCTTGGATAGA","||||||||||X||X|||||||||",2,"11,14","valid","YLL019C",-1.2,"TGTAGATACCGTCCTTGGATAGA",43.4782608695652,"XII:1063267-1063245"
"5070","gRNA_18",23,46.1,"TGTAGATACCGTCCTTGGATAGA","|||||||||||||||||||||||",0,"0","valid","YLR037C",-1.2,"TGTAGATACCGTCCTTGGATAGA",43.4782608695652,"XII:222702-222724"
"5069","gRNA_18",23,46.1,"TGTAGATACCGTCCTTGGATAGA","|||||||||||||||||||||||",0,"0","valid","YLL064C",-1.2,"TGTAGATACCGTCCTTGGATAGA",43.4782608695652,"XII:13097-13119"
"5060","gRNA_18",23,46.1,"TGTAGATACCGTCCTTGGATAGA","|||||||||||||||||||||||",0,"0","valid","YHL046C",-1.2,"TGTAGATACCGTCCTTGGATAGA",43.4782608695652,"VIII:11937-11959"
"5047","gRNA_18",23,46.1,"TGTAGATACCGTCCTTGGATAGA","|||||||||||||||||||||||",0,"0","valid","YEL074W",-1.2,"TGTAGATACCGTCCTTGGATAGA",43.4782608695652,"V:64076-64054"
"5029","gRNA_18",23,46.1,"TGTAGATACCGTCCTTGGATAGA","|||||||||||||||||||||||",0,"0","valid","YBL077W",-1.2,"TGTAGATACCGTCCTTGGATAGA",43.4782608695652,"II:809405-809383"
"5028","gRNA_18",23,46.1,"TGTAGATACCGTCCTTGGATAGA","|||||||||||||||||||||||",0,"0","valid","YBL108C-A",-1.2,"TGTAGATACCGTCCTTGGATAGA",43.4782608695652,"II:7619-7641"
"5012","gRNA_18",23,46.1,"TGTAGATACCGTCCTTGGATAGA","|||||||||||||||||||||||",0,"0","valid","YNL295W",-1.2,"TGTAGATACCGTCCTTGGATAGA",43.4782608695652,"XIV:782266-782244"
"5009","gRNA_18",23,46.1,"TGTAGATACCGTCCTTGGATAGA","|||||||||||||||||||||||",0,"0","valid","YAL068C",-1.2,"TGTAGATACCGTCCTTGGATAGA",43.4782608695652,"I:1821-1843"
"4986","gRNA_18",23,46.1,"TGTAGATACCGTCCTTGGATAGA","|||||||||||||||||||||||",0,"0","valid","YGR294W",-1.2,"TGTAGATACCGTCCTTGGATAGA",43.4782608695652,"VII:1080654-1080632"
"4985","gRNA_18",23,46.1,"TGTAGATACCGTCCTTGGATAGA","|||||||||||||||||||||||",0,"0","valid","YGL261C",-1.2,"TGTAGATACCGTCCTTGGATAGA",43.4782608695652,"VII:6304-6326"
"811","gRNA_3",23,30.2,"ACTGATATGGTATACGCACACGG","|||||||X||X||||||||||||",2,"8,11","valid","YIL159W",0,"ACTGATATGGTATACGCACACGG",47.8260869565217,"IX:439456-439434"
"810","gRNA_3",23,30.2,"ACTGATATGGTATACGCACACGG","|||||||||XX||||||||||||",2,"10,11","valid","intergenic",0,"ACTGATATGGTATACGCACACGG",47.8260869565217,"IX:7399-7421"
"777","gRNA_3",23,30.2,"ACTGATATGGTATACGCACACGG","|||||||||XX||||||||||||",2,"10,11","valid","YDL171C",0,"ACTGATATGGTATACGCACACGG",47.8260869565217,"IV:1525012-1524990"
"776","gRNA_3",23,30.2,"ACTGATATGGTATACGCACACGG","|||||||||XX||||||||||||",2,"10,11","valid","intergenic",0,"ACTGATATGGTATACGCACACGG",47.8260869565217,"IV:521-543"
"757","gRNA_3",23,30.2,"ACTGATATGGTATACGCACACGG","||||||||||X|||X||||||||",2,"11,15","valid","YJL191W",0,"ACTGATATGGTATACGCACACGG",47.8260869565217,"X:745284-745262"
"756","gRNA_3",23,30.2,"ACTGATATGGTATACGCACACGG","|||||||||XX||||||||||||",2,"10,11","valid","YJL191W",0,"ACTGATATGGTATACGCACACGG",47.8260869565217,"X:7382-7404"
"727","gRNA_3",23,30.2,"ACTGATATGGTATACGCACACGG","|||||||||XX||||||||||||",2,"10,11","valid","YLL019C",0,"ACTGATATGGTATACGCACACGG",47.8260869565217,"XII:1064668-1064646"
"726","gRNA_3",23,30.2,"ACTGATATGGTATACGCACACGG","||||||||||X|||X||||||||",2,"11,15","valid","YLL015W",0,"ACTGATATGGTATACGCACACGG",47.8260869565217,"XII:11703-11725"
"719","gRNA_3",20,24.3,"TGATATGGTATACGCACACG","XX||||||||XX||||||||||X",5,"1,2,11,12,23","novalid","intergenic",0,"ACTGATATGGTATACGCACACGG",47.8260869565217,"VI:270100-270081"
"717","gRNA_3",23,30.2,"ACTGATATGGTATACGCACACGG","|||||||X||X||||||||||||",2,"8,11","valid","YFL063W",0,"ACTGATATGGTATACGCACACGG",47.8260869565217,"VI:5146-5168"
"699","gRNA_3",23,30.2,"ACTGATATGGTATACGCACACGG","|||||||||XX||||||||||||",2,"10,11","valid","YBL077W",0,"ACTGATATGGTATACGCACACGG",47.8260869565217,"II:812762-812740"
"698","gRNA_3",23,30.2,"ACTGATATGGTATACGCACACGG","|||||||||XX||||||||||||",2,"10,11","valid","YBL086C",0,"ACTGATATGGTATACGCACACGG",47.8260869565217,"II:6219-6241"
"672","gRNA_3",23,30.2,"ACTGATATGGTATACGCACACGG","||||||||||X|||X||||||||",2,"11,15","valid","YOL166C",0,"ACTGATATGGTATACGCACACGG",47.8260869565217,"XV:1084304-1084282"
"649","gRNA_3",23,30.2,"ACTGATATGGTATACGCACACGG","|||||||X||X||||||||||||",2,"8,11","valid","YGL205W",0,"ACTGATATGGTATACGCACACGG",47.8260869565217,"VII:1084015-1083993"
"642","gRNA_3",23,38.2,"ACTGATATGGTATACGCACACGG","||||||||||X||||||||||||",1,"11","valid","YEL075C",0,"ACTGATATGGTATACGCACACGG",47.8260869565217,"V:569983-569961"
"623","gRNA_3",23,30.2,"ACTGATATGGTATACGCACACGG","|||||||||XX||||||||||||",2,"10,11","valid","YML104C",0,"ACTGATATGGTATACGCACACGG",47.8260869565217,"XIII:5961-5983"
"622","gRNA_3",23,38.2,"ACTGATATGGTATACGCACACGG","||||||||||X||||||||||||",1,"11","valid","YML088W",0,"ACTGATATGGTATACGCACACGG",47.8260869565217,"XIII:923923-923901"
"593","gRNA_3",23,30.2,"ACTGATATGGTATACGCACACGG","|||||||||XX||||||||||||",2,"10,11","valid","YPL242C",0,"ACTGATATGGTATACGCACACGG",47.8260869565217,"XVI:942750-942728"
"592","gRNA_3",23,38.2,"ACTGATATGGTATACGCACACGG","||||||||||X||||||||||||",1,"11","valid","YPL255W",0,"ACTGATATGGTATACGCACACGG",47.8260869565217,"XVI:6841-6863"
"582","gRNA_3",23,46.1,"ACTGATATGGTATACGCACACGG","|||||||||||||||||||||||",0,"0","valid","YKL222C",0,"ACTGATATGGTATACGCACACGG",47.8260869565217,"XI:428-450"
"528","gRNA_2",23,30.2,"TGTTGTTCTACCCTCCATATTGA","|||||||||||||X||||X||||",2,"14,19","valid","intergenic",0,"TGTTGTTCTACCCTCCATATTGA",39.1304347826087,"XVI:6742-6764"
"517","gRNA_2",23,30.2,"TGTTGTTCTACCCTCCATATTGA","|||||||||||||XX||||||||",2,"14,15","valid","YIL147C",0,"TGTTGTTCTACCCTCCATATTGA",39.1304347826087,"IX:7286-7308"
"516","gRNA_2",23,38.2,"TGTTGTTCTACCCTCCATATTGA","|||||||||||||X|||||||||",1,"14","valid","YIL159W",0,"TGTTGTTCTACCCTCCATATTGA",39.1304347826087,"IX:439569-439547"
"492","gRNA_2",23,38.2,"TGTTGTTCTACCCTCCATATTGA","|||||||||||||X|||||||||",1,"14","valid","YLL019C",0,"TGTTGTTCTACCCTCCATATTGA",39.1304347826087,"XII:1064783-1064761"
"462","gRNA_2",23,30.2,"TGTTGTTCTACCCTCCATATTGA","|||||||||||||X||||X||||",2,"14,19","valid","YOL166C",0,"TGTTGTTCTACCCTCCATATTGA",39.1304347826087,"XV:1084403-1084381"
"461","gRNA_2",23,38.2,"TGTTGTTCTACCCTCCATATTGA","|||||||||||||X|||||||||",1,"14","valid","intergenic",0,"TGTTGTTCTACCCTCCATATTGA",39.1304347826087,"XV:353-375"
"445","gRNA_2",23,46.1,"TGTTGTTCTACCCTCCATATTGA","|||||||||||||||||||||||",0,"0","valid","intergenic",0,"TGTTGTTCTACCCTCCATATTGA",39.1304347826087,"XI:311-333"
"401","gRNA_2",23,46.1,"TGTTGTTCTACCCTCCATATTGA","|||||||||||||||||||||||",0,"0","valid","YDL231C",0,"TGTTGTTCTACCCTCCATATTGA",39.1304347826087,"IV:399-421"
"380","gRNA_2",23,30.2,"TGTTGTTCTACCCTCCATATTGA","|||||||||||||XX||||||||",2,"14,15","valid","intergenic",0,"TGTTGTTCTACCCTCCATATTGA",39.1304347826087,"X:7269-7291"
"379","gRNA_2",23,46.1,"TGTTGTTCTACCCTCCATATTGA","|||||||||||||||||||||||",0,"0","valid","YJL191W",0,"TGTTGTTCTACCCTCCATATTGA",39.1304347826087,"X:745397-745375"
"367","gRNA_2",23,46.1,"TGTTGTTCTACCCTCCATATTGA","|||||||||||||||||||||||",0,"0","valid","YHL025W",0,"TGTTGTTCTACCCTCCATATTGA",39.1304347826087,"VIII:556611-556589"
"355","gRNA_2",23,46.1,"TGTTGTTCTACCCTCCATATTGA","|||||||||||||||||||||||",0,"0","valid","YFL041W",0,"TGTTGTTCTACCCTCCATATTGA",39.1304347826087,"VI:5032-5054"
"336","gRNA_2",23,46.1,"TGTTGTTCTACCCTCCATATTGA","|||||||||||||||||||||||",0,"0","valid","YBL077W",0,"TGTTGTTCTACCCTCCATATTGA",39.1304347826087,"II:812884-812862"
"335","gRNA_2",23,46.1,"TGTTGTTCTACCCTCCATATTGA","|||||||||||||||||||||||",0,"0","valid","intergenic",0,"TGTTGTTCTACCCTCCATATTGA",39.1304347826087,"II:6103-6125"
"312","gRNA_2",23,46.1,"TGTTGTTCTACCCTCCATATTGA","|||||||||||||||||||||||",0,"0","valid","YNL298W",0,"TGTTGTTCTACCCTCCATATTGA",39.1304347826087,"XIV:6928-6950"
"296","gRNA_2",23,46.1,"TGTTGTTCTACCCTCCATATTGA","|||||||||||||||||||||||",0,"0","valid","YML105C",0,"TGTTGTTCTACCCTCCATATTGA",39.1304347826087,"XIII:5839-5861"
"263","gRNA_2",23,30.2,"TGTTGTTCTACCCTCCATATTGA","|||||||||||||XX||||||||",2,"14,15","valid","YGL205W",0,"TGTTGTTCTACCCTCCATATTGA",39.1304347826087,"VII:1084128-1084106"
"262","gRNA_2",23,46.1,"TGTTGTTCTACCCTCCATATTGA","|||||||||||||||||||||||",0,"0","valid","YGL263W",0,"TGTTGTTCTACCCTCCATATTGA",39.1304347826087,"VII:282-304"
"7328","gRNA_24",21,26.3,"GCTTGAAACAAGTAGTATTGG","XX|||||X||||X||||||||||",4,"1,2,8,13","valid","YDL171C",-5.9,"CTGCTTGAAACAAGTAGTATTGG",39.1304347826087,"IV:1523412-1523392"
"7299","gRNA_24",21,26.3,"GCTTGAAACAAGTAGTATTGG","XX|||||X||||X||||||||||",4,"1,2,8,13","valid","YJL223C",-5.9,"CTGCTTGAAACAAGTAGTATTGG",39.1304347826087,"X:8975-8995"
"7256","gRNA_24",21,26.3,"GCTTGAAACAAGTAGTATTGG","XX|||||X||||X||||||||||",4,"1,2,8,13","valid","YLL019C",-5.9,"CTGCTTGAAACAAGTAGTATTGG",39.1304347826087,"XII:1063082-1063062"
"7255","gRNA_24",21,26.3,"GCTTGAAACAAGTAGTATTGG","XX|||||X||||X||||||||||",4,"1,2,8,13","valid","YLL064C",-5.9,"CTGCTTGAAACAAGTAGTATTGG",39.1304347826087,"XII:13282-13302"
"7227","gRNA_24",21,26.3,"GCTTGAAACAAGTAGTATTGG","XX|||||X||||X||||||||||",4,"1,2,8,13","valid","YHL046C",-5.9,"CTGCTTGAAACAAGTAGTATTGG",39.1304347826087,"VIII:12122-12142"
"7182","gRNA_24",21,26.3,"GCTTGAAACAAGTAGTATTGG","XX|||||X||||X||||||||||",4,"1,2,8,13","valid","YBL079W",-5.9,"CTGCTTGAAACAAGTAGTATTGG",39.1304347826087,"II:7804-7824"
"7145","gRNA_24",21,26.3,"GCTTGAAACAAGTAGTATTGG","XX|||||X||||X||||||||||",4,"1,2,8,13","valid","YNL295W",-5.9,"CTGCTTGAAACAAGTAGTATTGG",39.1304347826087,"XIV:782081-782061"
"7138","gRNA_24",21,26.3,"GCTTGAAACAAGTAGTATTGG","XX|||||X||||X||||||||||",4,"1,2,8,13","valid","YAL068C",-5.9,"CTGCTTGAAACAAGTAGTATTGG",39.1304347826087,"I:2006-2026"
"7127","gRNA_24",22,44.1,"CTGCTTGAAACAAGTAGTATTG","||||||||||||||||||||||X",1,"23","valid","YCL074W",-5.9,"CTGCTTGAAACAAGTAGTATTGG",39.1304347826087,"III:307975-307954"
"7091","gRNA_24",22,44.1,"CTGCTTGAAACAAGTAGTATTG","||||||||||||||||||||||X",1,"23","valid","YML088W",-5.9,"CTGCTTGAAACAAGTAGTATTGG",39.1304347826087,"XIII:922815-922794"
"7047","gRNA_24",22,44.1,"CTGCTTGAAACAAGTAGTATTG","||||||||||||||||||||||X",1,"23","valid","YPL282C",-5.9,"CTGCTTGAAACAAGTAGTATTGG",39.1304347826087,"XVI:8133-8154"
"7012","gRNA_24",21,26.3,"GCTTGAAACAAGTAGTATTGG","XX|||||X||||X||||||||||",4,"1,2,8,13","valid","YOL166C",-5.9,"CTGCTTGAAACAAGTAGTATTGG",39.1304347826087,"XV:11748-11768"
"7011","gRNA_24",22,44.1,"CTGCTTGAAACAAGTAGTATTG","||||||||||||||||||||||X",1,"23","valid","YOL166C",-5.9,"CTGCTTGAAACAAGTAGTATTGG",39.1304347826087,"XV:1083012-1082991"
"6968","gRNA_24",23,46.1,"CTGCTTGAAACAAGTAGTATTGG","|||||||||||||||||||||||",0,"0","valid","YKL224C",-5.9,"CTGCTTGAAACAAGTAGTATTGG",39.1304347826087,"XI:2007-2029"
"6948","gRNA_24",21,26.3,"GCTTGAAACAAGTAGTATTGG","XX|||||X||||X||||||||||",4,"1,2,8,13","valid","YIL176C",-5.9,"CTGCTTGAAACAAGTAGTATTGG",39.1304347826087,"IX:8992-9012"
"6947","gRNA_24",23,46.1,"CTGCTTGAAACAAGTAGTATTGG","|||||||||||||||||||||||",0,"0","valid","YIL159W",-5.9,"CTGCTTGAAACAAGTAGTATTGG",39.1304347826087,"IX:434103-434081"
"8600","gRNA_28",23,38.2,"AATGTGAGAATGCCAATTATAGG","||||||X||||||||||||||||",1,"7","valid","YCL074W",0,"AATGTGAGAATGCCAATTATAGG",34.7826086956522,"III:307495-307473"
"8556","gRNA_28",23,38.2,"AATGTGAGAATGCCAATTATAGG","||||||X||||||||||||||||",1,"7","valid","YLL006W",0,"AATGTGAGAATGCCAATTATAGG",34.7826086956522,"XII:13751-13773"
"8531","gRNA_28",23,38.2,"AATGTGAGAATGCCAATTATAGG","|||||||||||||||X|||||||",1,"16","valid","YMR324C",0,"AATGTGAGAATGCCAATTATAGG",34.7826086956522,"XIII:922338-922316"
"8495","gRNA_28",23,38.2,"AATGTGAGAATGCCAATTATAGG","|||||||||||||||X|||||||",1,"16","valid","YPL245W",0,"AATGTGAGAATGCCAATTATAGG",34.7826086956522,"XVI:8612-8634"
"8467","gRNA_28",20,32.2,"GTGAGAATGCCAATTATAGG","XXX|||||||||||||||X||||",4,"1,2,3,19","valid","YOL166C",0,"AATGTGAGAATGCCAATTATAGG",34.7826086956522,"XV:12219-12238"
"8466","gRNA_28",23,38.2,"AATGTGAGAATGCCAATTATAGG","|||||||||||||||X|||||||",1,"16","valid","YOL166C",0,"AATGTGAGAATGCCAATTATAGG",34.7826086956522,"XV:1082533-1082511"
"8460","gRNA_28",23,38.2,"AATGTGAGAATGCCAATTATAGG","||||||X||||||||||||||||",1,"7","valid","YAL063C",0,"AATGTGAGAATGCCAATTATAGG",34.7826086956522,"I:2471-2493"
"8424","gRNA_28",23,38.2,"AATGTGAGAATGCCAATTATAGG","||||||X||||||||||||||||",1,"7","valid","YGL260W",0,"AATGTGAGAATGCCAATTATAGG",34.7826086956522,"VII:6957-6979"
"8396","gRNA_28",23,46.1,"AATGTGAGAATGCCAATTATAGG","|||||||||||||||||||||||",0,"0","valid","YKL223W",0,"AATGTGAGAATGCCAATTATAGG",34.7826086956522,"XI:2486-2508"
"8385","gRNA_28",23,38.2,"AATGTGAGAATGCCAATTATAGG","||||||X||||||||||||||||",1,"7","valid","YIL159W",0,"AATGTGAGAATGCCAATTATAGG",34.7826086956522,"IX:433624-433602"
"8384","gRNA_28",23,46.1,"AATGTGAGAATGCCAATTATAGG","|||||||||||||||||||||||",0,"0","valid","YIL175W",0,"AATGTGAGAATGCCAATTATAGG",34.7826086956522,"IX:9460-9482"
"8363","gRNA_28",23,46.1,"AATGTGAGAATGCCAATTATAGG","|||||||||||||||||||||||",0,"0","valid","YJL222W-B",0,"AATGTGAGAATGCCAATTATAGG",34.7826086956522,"X:9443-9465"
"8337","gRNA_28",23,46.1,"AATGTGAGAATGCCAATTATAGG","|||||||||||||||||||||||",0,"0","valid","YNL295W",0,"AATGTGAGAATGCCAATTATAGG",34.7826086956522,"XIV:781612-781590"
"4097","gRNA_14",20,24.3,"AATCTTGTTCTTAGAAGTGA","XXX|||||||||||X||X|||||",5,"1,2,3,15,18","valid","YGL262W",0,"TGCAATCTTGTTCTTAGAAGTGA",34.7826086956522,"VII:554846-554865"
"3966","gRNA_14",22,36.2,"TGCAATCTTGTTCTTAGAAGTG","|||||||X||||||||||||||X",2,"8,23","valid","intergenic",0,"TGCAATCTTGTTCTTAGAAGTGA",34.7826086956522,"X:8381-8402"
"3946","gRNA_14",23,38.2,"TGCAATCTTGTTCTTAGAAGTGA","|||||||X|||||||||||||||",1,"8","valid","YIL142W",0,"TGCAATCTTGTTCTTAGAAGTGA",34.7826086956522,"IX:8398-8420"
"3871","gRNA_14",23,38.2,"TGCAATCTTGTTCTTAGAAGTGA","||||X||||||||||||||||||",1,"5","valid","YDL171C",0,"TGCAATCTTGTTCTTAGAAGTGA",34.7826086956522,"IV:1524007-1523985"
"3803","gRNA_14",23,38.2,"TGCAATCTTGTTCTTAGAAGTGA","|||||||X|||||||||||||||",1,"8","valid","YOL166C",0,"TGCAATCTTGTTCTTAGAAGTGA",34.7826086956522,"XV:11165-11187"
"3769","gRNA_14",23,46.1,"TGCAATCTTGTTCTTAGAAGTGA","|||||||||||||||||||||||",0,"0","valid","intergenic",0,"TGCAATCTTGTTCTTAGAAGTGA",34.7826086956522,"XI:1418-1440"
"3697","gRNA_14",23,46.1,"TGCAATCTTGTTCTTAGAAGTGA","|||||||||||||||||||||||",0,"0","valid","YLL019C",0,"TGCAATCTTGTTCTTAGAAGTGA",34.7826086956522,"XII:1063666-1063644"
"3696","gRNA_14",23,46.1,"TGCAATCTTGTTCTTAGAAGTGA","|||||||||||||||||||||||",0,"0","valid","YLL012W",0,"TGCAATCTTGTTCTTAGAAGTGA",34.7826086956522,"XII:12696-12718"
"3648","gRNA_14",23,46.1,"TGCAATCTTGTTCTTAGAAGTGA","|||||||||||||||||||||||",0,"0","valid","YBL081W",0,"TGCAATCTTGTTCTTAGAAGTGA",34.7826086956522,"II:7218-7240"
"3598","gRNA_14",23,46.1,"TGCAATCTTGTTCTTAGAAGTGA","|||||||||||||||||||||||",0,"0","valid","YNL295W",0,"TGCAATCTTGTTCTTAGAAGTGA",34.7826086956522,"XIV:782667-782645"
"3585","gRNA_14",23,46.1,"TGCAATCTTGTTCTTAGAAGTGA","|||||||||||||||||||||||",0,"0","valid","intergenic",0,"TGCAATCTTGTTCTTAGAAGTGA",34.7826086956522,"I:1415-1437"
"9365","gRNA_31",21,26.3,"TACGTAATTGT-AGCCGCTGA","XXX|||||||||||X|||||||||",4,"1,2,3,15","valid","YEL075C",-1,"AATTACGTAATTGTAGCCGCTGA",39.1304347826087,"V:564672-564652"
"9345","gRNA_31",23,38.2,"AATTACGTAATTGTAGCCGCTGA","||||||||||||X||||||||||",1,"13","valid","YAL063C",-1,"AATTACGTAATTGTAGCCGCTGA",39.1304347826087,"I:2748-2770"
"9333","gRNA_31",23,46.1,"AATTACGTAATTGTAGCCGCTGA","|||||||||||||||||||||||",0,"0","valid","YKL215C",-1,"AATTACGTAATTGTAGCCGCTGA",39.1304347826087,"XI:2762-2784"
"9322","gRNA_31",23,46.1,"AATTACGTAATTGTAGCCGCTGA","|||||||||||||||||||||||",0,"0","valid","YIL159W",-1,"AATTACGTAATTGTAGCCGCTGA",39.1304347826087,"IX:433348-433326"
"9321","gRNA_31",23,46.1,"AATTACGTAATTGTAGCCGCTGA","|||||||||||||||||||||||",0,"0","valid","intergenic",-1,"AATTACGTAATTGTAGCCGCTGA",39.1304347826087,"IX:9737-9759"
"9312","gRNA_31",23,46.1,"AATTACGTAATTGTAGCCGCTGA","|||||||||||||||||||||||",0,"0","valid","YCL074W",-1,"AATTACGTAATTGTAGCCGCTGA",39.1304347826087,"III:307216-307194"
"9289","gRNA_31",23,46.1,"AATTACGTAATTGTAGCCGCTGA","|||||||||||||||||||||||",0,"0","valid","intergenic",-1,"AATTACGTAATTGTAGCCGCTGA",39.1304347826087,"X:9720-9742"
"9257","gRNA_31",23,46.1,"AATTACGTAATTGTAGCCGCTGA","|||||||||||||||||||||||",0,"0","valid","YLL019C",-1,"AATTACGTAATTGTAGCCGCTGA",39.1304347826087,"XII:1062342-1062320"
"9243","gRNA_31",23,46.1,"AATTACGTAATTGTAGCCGCTGA","|||||||||||||||||||||||",0,"0","valid","YNL295W",-1,"AATTACGTAATTGTAGCCGCTGA",39.1304347826087,"XIV:781332-781310"
"9218","gRNA_31",23,46.1,"AATTACGTAATTGTAGCCGCTGA","|||||||||||||||||||||||",0,"0","valid","YOL166C",-1,"AATTACGTAATTGTAGCCGCTGA",39.1304347826087,"XV:12493-12515"
"9197","gRNA_31",23,46.1,"AATTACGTAATTGTAGCCGCTGA","|||||||||||||||||||||||",0,"0","valid","intergenic",-1,"AATTACGTAATTGTAGCCGCTGA",39.1304347826087,"VII:7233-7255"
"1108","gRNA_4",23,30.2,"TACTCTCACATTCCACTCCATGG","||||||||||X||||X|||||||",2,"11,16","valid","YCL074W",0,"TACTCTCACATTCCACTCCATGG",47.8260869565217,"III:316110-316088"
"1093","gRNA_4",23,30.2,"TACTCTCACATTCCACTCCATGG","||||||||||X||||X|||||||",2,"11,16","valid","YHL025W",0,"TACTCTCACATTCCACTCCATGG",47.8260869565217,"VIII:556435-556413"
"1074","gRNA_4",23,38.2,"TACTCTCACATTCCACTCCATGG","||||X||||||||||||||||||",1,"5","valid","YFL063W",0,"TACTCTCACATTCCACTCCATGG",47.8260869565217,"VI:5203-5225"
"1049","gRNA_4",23,30.2,"TACTCTCACATTCCACTCCATGG","||||||||||X||||X|||||||",2,"11,16","valid","intergenic",0,"TACTCTCACATTCCACTCCATGG",47.8260869565217,"VII:451-473"
"1048","gRNA_4",23,38.2,"TACTCTCACATTCCACTCCATGG","||||||||||X||||||||||||",1,"11","valid","YGL205W",0,"TACTCTCACATTCCACTCCATGG",47.8260869565217,"VII:1083961-1083939"
"924","gRNA_4",23,30.2,"TACTCTCACATTCCACTCCATGG","||||||||||X||||X|||||||",2,"11,16","valid","YKL225W",0,"TACTCTCACATTCCACTCCATGG",47.8260869565217,"XI:666231-666209"
"923","gRNA_4",23,46.1,"TACTCTCACATTCCACTCCATGG","|||||||||||||||||||||||",0,"0","valid","YKL225W",0,"TACTCTCACATTCCACTCCATGG",47.8260869565217,"XI:482-504"
"912","gRNA_4",23,46.1,"TACTCTCACATTCCACTCCATGG","|||||||||||||||||||||||",0,"0","valid","YEL075C",0,"TACTCTCACATTCCACTCCATGG",47.8260869565217,"V:569926-569904"
"888","gRNA_4",23,46.1,"TACTCTCACATTCCACTCCATGG","|||||||||||||||||||||||",0,"0","valid","intergenic",0,"TACTCTCACATTCCACTCCATGG",47.8260869565217,"XVI:6895-6917"
"868","gRNA_4",23,38.2,"TACTCTCACATTCCACTCCATGG","||||X||||||||||||||||||",1,"5","valid","intergenic",0,"TACTCTCACATTCCACTCCATGG",47.8260869565217,"XV:521-543"
"867","gRNA_4",23,46.1,"TACTCTCACATTCCACTCCATGG","|||||||||||||||||||||||",0,"0","valid","YOL166C",0,"TACTCTCACATTCCACTCCATGG",47.8260869565217,"XV:1084250-1084228"
"4378","gRNA_15",19,30.2,"TCTATACGGCCCGACGCGA","XXXX||||||X||||||||||||",5,"1,2,3,4,11","valid","YBL081W",-0.6,"ATATTCTATACGGCCCGACGCGA",52.1739130434783,"II:7248-7266"
"4372","gRNA_15",23,46.1,"ATATTCTATACGGCCCGACGCGA","|||||||||||||||||||||||",0,"0","valid","intergenic",-0.6,"ATATTCTATACGGCCCGACGCGA",52.1739130434783,"XI:1444-1466"
"4362","gRNA_15",23,46.1,"ATATTCTATACGGCCCGACGCGA","|||||||||||||||||||||||",0,"0","valid","YIL142W",-0.6,"ATATTCTATACGGCCCGACGCGA",52.1739130434783,"IX:8424-8446"
"4346","gRNA_15",23,46.1,"ATATTCTATACGGCCCGACGCGA","|||||||||||||||||||||||",0,"0","valid","YDL171C",-0.6,"ATATTCTATACGGCCCGACGCGA",52.1739130434783,"IV:1523981-1523959"
"4333","gRNA_15",23,46.1,"ATATTCTATACGGCCCGACGCGA","|||||||||||||||||||||||",0,"0","valid","YJL183W",-0.6,"ATATTCTATACGGCCCGACGCGA",52.1739130434783,"X:8407-8429"
"4316","gRNA_15",23,46.1,"ATATTCTATACGGCCCGACGCGA","|||||||||||||||||||||||",0,"0","valid","YLL019C",-0.6,"ATATTCTATACGGCCCGACGCGA",52.1739130434783,"XII:1063640-1063618"
"4315","gRNA_15",23,46.1,"ATATTCTATACGGCCCGACGCGA","|||||||||||||||||||||||",0,"0","valid","intergenic",-0.6,"ATATTCTATACGGCCCGACGCGA",52.1739130434783,"XII:12722-12744"
"4302","gRNA_15",23,46.1,"ATATTCTATACGGCCCGACGCGA","|||||||||||||||||||||||",0,"0","valid","YNL295W",-0.6,"ATATTCTATACGGCCCGACGCGA",52.1739130434783,"XIV:782641-782619"
"4283","gRNA_15",23,46.1,"ATATTCTATACGGCCCGACGCGA","|||||||||||||||||||||||",0,"0","valid","YOL166C",-0.6,"ATATTCTATACGGCCCGACGCGA",52.1739130434783,"XV:11191-11213"
"4279","gRNA_15",23,46.1,"ATATTCTATACGGCCCGACGCGA","|||||||||||||||||||||||",0,"0","valid","YAL002W",-0.6,"ATATTCTATACGGCCCGACGCGA",52.1739130434783,"I:1441-1463"
"4883","gRNA_17",23,38.2,"TGCTTCACGAACACCGTCATTGA","||||||||||||||X||||||||",1,"15","valid","YDL171C",-0.5,"TGCTTCACGAACACCGTCATTGA",47.8260869565217,"IV:1523777-1523755"
"4868","gRNA_17",23,38.2,"TGCTTCACGAACACCGTCATTGA","||||||||||||||X||||||||",1,"15","valid","YLL019C",-0.5,"TGCTTCACGAACACCGTCATTGA",47.8260869565217,"XII:1063437-1063415"
"4867","gRNA_17",21,42.1,"CTTCACGAACACCGTCATTGA","XX|||||||||||||||||||||",2,"1,2","valid","intergenic",-0.5,"TGCTTCACGAACACCGTCATTGA",47.8260869565217,"XII:12928-12948"
"4855","gRNA_17",21,42.1,"CTTCACGAACACCGTCATTGA","XX|||||||||||||||||||||",2,"1,2","valid","YNL295W",-0.5,"TGCTTCACGAACACCGTCATTGA",47.8260869565217,"XIV:782435-782415"
"4842","gRNA_17",23,46.1,"TGCTTCACGAACACCGTCATTGA","|||||||||||||||||||||||",0,"0","valid","intergenic",-0.5,"TGCTTCACGAACACCGTCATTGA",47.8260869565217,"XI:1646-1668"
"4832","gRNA_17",23,46.1,"TGCTTCACGAACACCGTCATTGA","|||||||||||||||||||||||",0,"0","valid","YIL140W",-0.5,"TGCTTCACGAACACCGTCATTGA",47.8260869565217,"IX:8627-8649"
"4821","gRNA_17",23,46.1,"TGCTTCACGAACACCGTCATTGA","|||||||||||||||||||||||",0,"0","valid","YJL181W",-0.5,"TGCTTCACGAACACCGTCATTGA",47.8260869565217,"X:8610-8632"
"4809","gRNA_17",23,46.1,"TGCTTCACGAACACCGTCATTGA","|||||||||||||||||||||||",0,"0","valid","intergenic",-0.5,"TGCTTCACGAACACCGTCATTGA",47.8260869565217,"II:7448-7470"
"4792","gRNA_17",23,46.1,"TGCTTCACGAACACCGTCATTGA","|||||||||||||||||||||||",0,"0","valid","YOL166C",-0.5,"TGCTTCACGAACACCGTCATTGA",47.8260869565217,"XV:11393-11415"
"4775","gRNA_17",23,46.1,"TGCTTCACGAACACCGTCATTGA","|||||||||||||||||||||||",0,"0","valid","intergenic",-0.5,"TGCTTCACGAACACCGTCATTGA",47.8260869565217,"I:1644-1666"
"6717","gRNA_22",19,30.2,"TCACCATAGTTGAAAACAG","XXXX|||||X|||||||||||||",5,"1,2,3,4,10","valid","YFL020C",0,"GAAGTCACCATAGTTGAAAACAG",39.1304347826087,"VI:99370-99388"
"6581","gRNA_22",19,30.2,"TCACCATAGTTGAAAACAG","XXXX|||||X|||||||||||||",5,"1,2,3,4,10","valid","YLR037C",0,"GAAGTCACCATAGTTGAAAACAG",39.1304347826087,"XII:222827-222845"
"6580","gRNA_22",19,30.2,"TCACCATAGTTGAAAACAG","XXXX|||||X|||||||||||||",5,"1,2,3,4,10","valid","YLL066C",0,"GAAGTCACCATAGTTGAAAACAG",39.1304347826087,"XII:94979-94961"
"6453","gRNA_22",19,30.2,"TCACCATAGTTGAAAACAG","XXXX|||||X|||||||||||||",5,"1,2,3,4,10","valid","intergenic",0,"GAAGTCACCATAGTTGAAAACAG",39.1304347826087,"I:176794-176812"
"6373","gRNA_22",23,46.1,"GAAGTCACCATAGTTGAAAACAG","|||||||||||||||||||||||",0,"0","valid","YKL224C",0,"GAAGTCACCATAGTTGAAAACAG",39.1304347826087,"XI:1945-1967"
"6360","gRNA_22",23,46.1,"GAAGTCACCATAGTTGAAAACAG","|||||||||||||||||||||||",0,"0","valid","YIL159W",0,"GAAGTCACCATAGTTGAAAACAG",39.1304347826087,"IX:434165-434143"
"6351","gRNA_22",23,46.1,"GAAGTCACCATAGTTGAAAACAG","|||||||||||||||||||||||",0,"0","valid","YCL074W",0,"GAAGTCACCATAGTTGAAAACAG",39.1304347826087,"III:308037-308015"
"6305","gRNA_22",23,46.1,"GAAGTCACCATAGTTGAAAACAG","|||||||||||||||||||||||",0,"0","valid","YML088W",0,"GAAGTCACCATAGTTGAAAACAG",39.1304347826087,"XIII:922877-922855"
"6266","gRNA_22",23,46.1,"GAAGTCACCATAGTTGAAAACAG","|||||||||||||||||||||||",0,"0","valid","YPL282C",0,"GAAGTCACCATAGTTGAAAACAG",39.1304347826087,"XVI:8071-8093"
"6204","gRNA_22",23,46.1,"GAAGTCACCATAGTTGAAAACAG","|||||||||||||||||||||||",0,"0","valid","YOL166C",0,"GAAGTCACCATAGTTGAAAACAG",39.1304347826087,"XV:1083074-1083052"
"2581","gRNA_9",23,46.1,"TATGTGACACTACTCATACGAAG","|||||||||||||||||||||||",0,"0","valid","YKL225W",-1.8,"TATGTGACACTACTCATACGAAG",39.1304347826087,"XI:665773-665751"
"2580","gRNA_9",23,46.1,"TATGTGACACTACTCATACGAAG","|||||||||||||||||||||||",0,"0","valid","intergenic",-1.8,"TATGTGACACTACTCATACGAAG",39.1304347826087,"XI:1081-1103"
"2575","gRNA_9",23,46.1,"TATGTGACACTACTCATACGAAG","|||||||||||||||||||||||",0,"0","valid","YIL143C",-1.8,"TATGTGACACTACTCATACGAAG",39.1304347826087,"IX:8061-8083"
"2545","gRNA_9",23,46.1,"TATGTGACACTACTCATACGAAG","|||||||||||||||||||||||",0,"0","valid","YDL171C",-1.8,"TATGTGACACTACTCATACGAAG",39.1304347826087,"IV:1524347-1524325"
"2533","gRNA_9",23,46.1,"TATGTGACACTACTCATACGAAG","|||||||||||||||||||||||",0,"0","valid","YJL186W",-1.8,"TATGTGACACTACTCATACGAAG",39.1304347826087,"X:8044-8066"
"2512","gRNA_9",23,46.1,"TATGTGACACTACTCATACGAAG","|||||||||||||||||||||||",0,"0","valid","YLL019C",-1.8,"TATGTGACACTACTCATACGAAG",39.1304347826087,"XII:1064003-1063981"
"2511","gRNA_9",23,46.1,"TATGTGACACTACTCATACGAAG","|||||||||||||||||||||||",0,"0","valid","YLL013C",-1.8,"TATGTGACACTACTCATACGAAG",39.1304347826087,"XII:12362-12384"
"2502","gRNA_9",23,46.1,"TATGTGACACTACTCATACGAAG","|||||||||||||||||||||||",0,"0","valid","YBL084C",-1.8,"TATGTGACACTACTCATACGAAG",39.1304347826087,"II:6884-6906"
"2485","gRNA_9",23,46.1,"TATGTGACACTACTCATACGAAG","|||||||||||||||||||||||",0,"0","valid","YNL295W",-1.8,"TATGTGACACTACTCATACGAAG",39.1304347826087,"XIV:783001-782979"
"2480","gRNA_9",23,46.1,"TATGTGACACTACTCATACGAAG","|||||||||||||||||||||||",0,"0","valid","intergenic",-1.8,"TATGTGACACTACTCATACGAAG",39.1304347826087,"I:1078-1100"
"3382","gRNA_12",19,30.2,"TAGAACACTAACCCTTCAG","XXXX||||||||||||||X||||",5,"1,2,3,4,19","valid","YDL171C",0,"TTGATAGAACACTAACCCTTCAG",39.1304347826087,"IV:1524153-1524135"
"3362","gRNA_12",23,30.2,"TTGATAGAACACTAACCCTTCAG","||||||X|||||||||||X||||",2,"7,19","valid","YBL082C",0,"TTGATAGAACACTAACCCTTCAG",39.1304347826087,"II:7069-7091"
"3342","gRNA_12",23,30.2,"TTGATAGAACACTAACCCTTCAG","||||||X|||||||||||X||||",2,"7,19","valid","YNL295W",0,"TTGATAGAACACTAACCCTTCAG",39.1304347826087,"XIV:782817-782795"
"3339","gRNA_12",22,36.2,"TGATAGAACACTAACCCTTCAG","X|||||||||||||||||X||||",2,"1,19","valid","intergenic",0,"TTGATAGAACACTAACCCTTCAG",39.1304347826087,"I:1264-1285"
"3329","gRNA_12",23,38.2,"TTGATAGAACACTAACCCTTCAG","||||||||||||||||||X||||",1,"19","valid","YIL143C",0,"TTGATAGAACACTAACCCTTCAG",39.1304347826087,"IX:8246-8268"
"3320","gRNA_12",23,38.2,"TTGATAGAACACTAACCCTTCAG","||||||||||||||||||X||||",1,"19","valid","YJL185C",0,"TTGATAGAACACTAACCCTTCAG",39.1304347826087,"X:8229-8251"
"3306","gRNA_12",23,46.1,"TTGATAGAACACTAACCCTTCAG","|||||||||||||||||||||||",0,"0","valid","intergenic",0,"TTGATAGAACACTAACCCTTCAG",39.1304347826087,"XI:1266-1288"
"3281","gRNA_12",23,30.2,"TTGATAGAACACTAACCCTTCAG","||||||X|||||||||||X||||",2,"7,19","valid","intergenic",0,"TTGATAGAACACTAACCCTTCAG",39.1304347826087,"XII:12546-12568"
"3280","gRNA_12",23,46.1,"TTGATAGAACACTAACCCTTCAG","|||||||||||||||||||||||",0,"0","valid","YLL019C",0,"TTGATAGAACACTAACCCTTCAG",39.1304347826087,"XII:1063818-1063796"
"9712","gRNA_32",23,38.2,"CGGATGGTATTGAGAGAAGTTGA","||||||||X||||||||||||||",1,"9","valid","YNL295W",0,"CGGATGGTATTGAGAGAAGTTGA",43.4782608695652,"XIV:781306-781284"
"9667","gRNA_32",23,38.2,"CGGATGGTATTGAGAGAAGTTGA","|||||||||||||X|||||||||",1,"14","valid","YOL166C",0,"CGGATGGTATTGAGAGAAGTTGA",43.4782608695652,"XV:12519-12541"
"9617","gRNA_32",23,38.2,"CGGATGGTATTGAGAGAAGTTGA","||||||||X||||||||||||||",1,"9","valid","intergenic",0,"CGGATGGTATTGAGAGAAGTTGA",43.4782608695652,"VII:7259-7281"
"9588","gRNA_32",23,46.1,"CGGATGGTATTGAGAGAAGTTGA","|||||||||||||||||||||||",0,"0","valid","YKL215C",0,"CGGATGGTATTGAGAGAAGTTGA",43.4782608695652,"XI:2788-2810"
"9573","gRNA_32",23,46.1,"CGGATGGTATTGAGAGAAGTTGA","|||||||||||||||||||||||",0,"0","valid","YIL159W",0,"CGGATGGTATTGAGAGAAGTTGA",43.4782608695652,"IX:433321-433299"
"9572","gRNA_32",23,46.1,"CGGATGGTATTGAGAGAAGTTGA","|||||||||||||||||||||||",0,"0","valid","YIL134W",0,"CGGATGGTATTGAGAGAAGTTGA",43.4782608695652,"IX:9763-9785"
"9561","gRNA_32",23,46.1,"CGGATGGTATTGAGAGAAGTTGA","|||||||||||||||||||||||",0,"0","valid","YCL074W",0,"CGGATGGTATTGAGAGAAGTTGA",43.4782608695652,"III:307190-307168"
"9522","gRNA_32",23,46.1,"CGGATGGTATTGAGAGAAGTTGA","|||||||||||||||||||||||",0,"0","valid","intergenic",0,"CGGATGGTATTGAGAGAAGTTGA",43.4782608695652,"X:9746-9768"
"9465","gRNA_32",23,46.1,"CGGATGGTATTGAGAGAAGTTGA","|||||||||||||||||||||||",0,"0","valid","YLL019C",0,"CGGATGGTATTGAGAGAAGTTGA",43.4782608695652,"XII:1062316-1062294"
"3140","gRNA_11",23,38.2,"GTATACTGAAACGGACGTTACGA","|||||||X|||||||||||||||",1,"8","valid","YIL143C",0,"GTATACTGAAACGGACGTTACGA",43.4782608695652,"IX:8185-8207"
"3124","gRNA_11",23,38.2,"GTATACTGAAACGGACGTTACGA","|||||||X|||||||||||||||",1,"8","valid","YJL186W",0,"GTATACTGAAACGGACGTTACGA",43.4782608695652,"X:8168-8190"
"3109","gRNA_11",23,38.2,"GTATACTGAAACGGACGTTACGA","|||||||X|||||||||||||||",1,"8","valid","YBL082C",0,"GTATACTGAAACGGACGTTACGA",43.4782608695652,"II:7008-7030"
"3093","gRNA_11",23,38.2,"GTATACTGAAACGGACGTTACGA","|||||||X|||||||||||||||",1,"8","valid","YNL295W",0,"GTATACTGAAACGGACGTTACGA",43.4782608695652,"XIV:782878-782856"
"3087","gRNA_11",23,38.2,"GTATACTGAAACGGACGTTACGA","|||||||X|||||||||||||||",1,"8","valid","intergenic",0,"GTATACTGAAACGGACGTTACGA",43.4782608695652,"I:1202-1224"
"3069","gRNA_11",23,46.1,"GTATACTGAAACGGACGTTACGA","|||||||||||||||||||||||",0,"0","valid","intergenic",0,"GTATACTGAAACGGACGTTACGA",43.4782608695652,"XI:1205-1227"
"3050","gRNA_11",23,38.2,"GTATACTGAAACGGACGTTACGA","|||||||X|||||||||||||||",1,"8","valid","intergenic",0,"GTATACTGAAACGGACGTTACGA",43.4782608695652,"XII:12485-12507"
"3049","gRNA_11",23,46.1,"GTATACTGAAACGGACGTTACGA","|||||||||||||||||||||||",0,"0","valid","YLL019C",0,"GTATACTGAAACGGACGTTACGA",43.4782608695652,"XII:1063879-1063857"
"4613","gRNA_16",23,38.2,"TATGGAAGGACAAAGTGCTGCGA","|||||||X|||||||||||||||",1,"8","valid","YDL171C",-0.9,"TATGGAAGGACAAAGTGCTGCGA",47.8260869565217,"IV:1523920-1523898"
"4593","gRNA_16",23,46.1,"TATGGAAGGACAAAGTGCTGCGA","|||||||||||||||||||||||",0,"0","valid","YKL219W",-0.9,"TATGGAAGGACAAAGTGCTGCGA",47.8260869565217,"XI:1505-1527"
"4577","gRNA_16",23,46.1,"TATGGAAGGACAAAGTGCTGCGA","|||||||||||||||||||||||",0,"0","valid","intergenic",-0.9,"TATGGAAGGACAAAGTGCTGCGA",47.8260869565217,"IX:8485-8507"
"4557","gRNA_16",23,46.1,"TATGGAAGGACAAAGTGCTGCGA","|||||||||||||||||||||||",0,"0","valid","YJL183W",-0.9,"TATGGAAGGACAAAGTGCTGCGA",47.8260869565217,"X:8468-8490"
"4521","gRNA_16",23,46.1,"TATGGAAGGACAAAGTGCTGCGA","|||||||||||||||||||||||",0,"0","valid","YLL011W",-0.9,"TATGGAAGGACAAAGTGCTGCGA",47.8260869565217,"XII:12783-12805"
"4503","gRNA_16",23,46.1,"TATGGAAGGACAAAGTGCTGCGA","|||||||||||||||||||||||",0,"0","valid","intergenic",-0.9,"TATGGAAGGACAAAGTGCTGCGA",47.8260869565217,"II:7305-7327"
"4482","gRNA_16",23,46.1,"TATGGAAGGACAAAGTGCTGCGA","|||||||||||||||||||||||",0,"0","valid","YNL295W",-0.9,"TATGGAAGGACAAAGTGCTGCGA",47.8260869565217,"XIV:782580-782558"
"4455","gRNA_16",23,46.1,"TATGGAAGGACAAAGTGCTGCGA","|||||||||||||||||||||||",0,"0","valid","YOL166C",-0.9,"TATGGAAGGACAAAGTGCTGCGA",47.8260869565217,"XV:11252-11274"
"5692","gRNA_20",23,30.2,"GACACCAGTGATAACTCTGGTGA","||||||||||||X|||||X||||",2,"13,19","valid","YLR037C",-9,"GACACCAGTGATAACTCTGGTGA",47.8260869565217,"XII:222766-222788"
"5691","gRNA_20",23,30.2,"GACACCAGTGATAACTCTGGTGA","||||||||||||X|||||X||||",2,"13,19","valid","YLL066C",-9,"GACACCAGTGATAACTCTGGTGA",47.8260869565217,"XII:95040-95018"
"5683","gRNA_20",23,38.2,"GACACCAGTGATAACTCTGGTGA","||||||||||||X||||||||||",1,"13","valid","YCL074W",-9,"GACACCAGTGATAACTCTGGTGA",47.8260869565217,"III:308094-308072"
"5659","gRNA_20",23,38.2,"GACACCAGTGATAACTCTGGTGA","||||||||||||X||||||||||",1,"13","valid","YML088W",-9,"GACACCAGTGATAACTCTGGTGA",47.8260869565217,"XIII:922934-922912"
"5633","gRNA_20",23,38.2,"GACACCAGTGATAACTCTGGTGA","||||||||||||X||||||||||",1,"13","valid","YPL282C",-9,"GACACCAGTGATAACTCTGGTGA",47.8260869565217,"XVI:8014-8036"
"5598","gRNA_20",23,38.2,"GACACCAGTGATAACTCTGGTGA","||||||||||||X||||||||||",1,"13","valid","YOL166C",-9,"GACACCAGTGATAACTCTGGTGA",47.8260869565217,"XV:1083131-1083109"
"5563","gRNA_20",22,44.1,"ACACCAGTGATAACTCTGGTGA","X||||||||||||||||||||||",1,"1","valid","YIL159W",-9,"GACACCAGTGATAACTCTGGTGA",47.8260869565217,"IX:434221-434200"
"5538","gRNA_20",23,46.1,"GACACCAGTGATAACTCTGGTGA","|||||||||||||||||||||||",0,"0","valid","YKL224C",-9,"GACACCAGTGATAACTCTGGTGA",47.8260869565217,"XI:1888-1910"
"6831","gRNA_23",23,30.2,"CTGGGTAGGTCTCACTTGGATGA","||||||||||X|||X||||||||",2,"11,15","valid","YBL077W",-2,"CTGGGTAGGTCTCACTTGGATGA",52.1739130434783,"II:809246-809224"
"6817","gRNA_23",23,30.2,"CTGGGTAGGTCTCACTTGGATGA","|||||||||||||XX||||||||",2,"14,15","valid","YPL282C",-2,"CTGGGTAGGTCTCACTTGGATGA",52.1739130434783,"XVI:8109-8131"
"6790","gRNA_23",23,30.2,"CTGGGTAGGTCTCACTTGGATGA","|||||||||||||XX||||||||",2,"14,15","valid","YOL166C",-2,"CTGGGTAGGTCTCACTTGGATGA",52.1739130434783,"XV:1083036-1083014"
"6772","gRNA_23",23,30.2,"CTGGGTAGGTCTCACTTGGATGA","||||||||||X|||X||||||||",2,"11,15","valid","YGR294W",-2,"CTGGGTAGGTCTCACTTGGATGA",52.1739130434783,"VII:1080495-1080473"
"6770","gRNA_23",23,38.2,"CTGGGTAGGTCTCACTTGGATGA","||||||||||||||X||||||||",1,"15","valid","YCL074W",-2,"CTGGGTAGGTCTCACTTGGATGA",52.1739130434783,"III:307999-307977"
"6755","gRNA_23",23,38.2,"CTGGGTAGGTCTCACTTGGATGA","||||||||||||||X||||||||",1,"15","valid","YML088W",-2,"CTGGGTAGGTCTCACTTGGATGA",52.1739130434783,"XIII:922839-922817"
"6746","gRNA_23",23,46.1,"CTGGGTAGGTCTCACTTGGATGA","|||||||||||||||||||||||",0,"0","valid","YKL224C",-2,"CTGGGTAGGTCTCACTTGGATGA",52.1739130434783,"XI:1983-2005"
"6736","gRNA_23",23,46.1,"CTGGGTAGGTCTCACTTGGATGA","|||||||||||||||||||||||",0,"0","valid","YIL159W",-2,"CTGGGTAGGTCTCACTTGGATGA",52.1739130434783,"IX:434127-434105"
"3527","gRNA_13",19,38.2,"GTAACTCGCACTGCCCTGA","XXXX|||||||||||||||||||",4,"1,2,3,4","valid","YDL171C",0,"CTCCGTAACTCGCACTGCCCTGA",60.8695652173913,"IV:1524028-1524010"
"3526","gRNA_13",19,38.2,"GTAACTCGCACTGCCCTGA","XXXX|||||||||||||||||||",4,"1,2,3,4","valid","YNL295W",0,"CTCCGTAACTCGCACTGCCCTGA",60.8695652173913,"XIV:782688-782670"
"3524","gRNA_13",19,38.2,"GTAACTCGCACTGCCCTGA","XXXX|||||||||||||||||||",4,"1,2,3,4","valid","intergenic",0,"CTCCGTAACTCGCACTGCCCTGA",60.8695652173913,"I:1394-1412"
"3518","gRNA_13",23,46.1,"CTCCGTAACTCGCACTGCCCTGA","|||||||||||||||||||||||",0,"0","valid","intergenic",0,"CTCCGTAACTCGCACTGCCCTGA",60.8695652173913,"XI:1393-1415"
"3512","gRNA_13",19,38.2,"GTAACTCGCACTGCCCTGA","XXXX|||||||||||||||||||",4,"1,2,3,4","valid","YLL012W",0,"CTCCGTAACTCGCACTGCCCTGA",60.8695652173913,"XII:12675-12693"
"3511","gRNA_13",23,46.1,"CTCCGTAACTCGCACTGCCCTGA","|||||||||||||||||||||||",0,"0","valid","YLL019C",0,"CTCCGTAACTCGCACTGCCCTGA",60.8695652173913,"XII:1063691-1063669"
"7543","gRNA_25",23,38.2,"TAGAGTGGTAGTGGCTGGGGCAG","||||||||||||||||||X||||",1,"19","valid","YML088W",-0.4,"TAGAGTGGTAGTGGCTGGGGCAG",60.8695652173913,"XIII:922721-922699"
"7532","gRNA_25",23,38.2,"TAGAGTGGTAGTGGCTGGGGCAG","||||||||||||||||||X||||",1,"19","valid","YPL282C",-0.4,"TAGAGTGGTAGTGGCTGGGGCAG",60.8695652173913,"XVI:8227-8249"
"7513","gRNA_25",23,38.2,"TAGAGTGGTAGTGGCTGGGGCAG","||||||||||||||||||X||||",1,"19","valid","YOL166C",-0.4,"TAGAGTGGTAGTGGCTGGGGCAG",60.8695652173913,"XV:1082918-1082896"
"7496","gRNA_25",23,46.1,"TAGAGTGGTAGTGGCTGGGGCAG","|||||||||||||||||||||||",0,"0","valid","YKL224C",-0.4,"TAGAGTGGTAGTGGCTGGGGCAG",60.8695652173913,"XI:2101-2123"
"7486","gRNA_25",23,46.1,"TAGAGTGGTAGTGGCTGGGGCAG","|||||||||||||||||||||||",0,"0","valid","YIL159W",-0.4,"TAGAGTGGTAGTGGCTGGGGCAG",60.8695652173913,"IX:434009-433987"
"7477","gRNA_25",23,46.1,"TAGAGTGGTAGTGGCTGGGGCAG","|||||||||||||||||||||||",0,"0","valid","YCL074W",-0.4,"TAGAGTGGTAGTGGCTGGGGCAG",60.8695652173913,"III:307881-307859"
"8810","gRNA_29",22,28.2,"TATTGTCTAAGCCCATATTCAG","X|||||||||||||X|X||||||",3,"1,15,17","valid","YJL222W-A",0,"TTATTGTCTAAGCCCATATTCAG",34.7826086956522,"X:9569-9590"
"8770","gRNA_29",23,30.2,"TTATTGTCTAAGCCCATATTCAG","||||||||||||||X|X||||||",2,"15,17","valid","YCL074W",0,"TTATTGTCTAAGCCCATATTCAG",34.7826086956522,"III:307368-307346"
"8754","gRNA_29",23,46.1,"TTATTGTCTAAGCCCATATTCAG","|||||||||||||||||||||||",0,"0","valid","YKL223W",0,"TTATTGTCTAAGCCCATATTCAG",34.7826086956522,"XI:2610-2632"
"8747","gRNA_29",22,28.2,"TATTGTCTAAGCCCATATTCAG","X|||||||||||||X|X||||||",3,"1,15,17","valid","YIL174W",0,"TTATTGTCTAAGCCCATATTCAG",34.7826086956522,"IX:9586-9607"
"8746","gRNA_29",23,46.1,"TTATTGTCTAAGCCCATATTCAG","|||||||||||||||||||||||",0,"0","valid","YIL159W",0,"TTATTGTCTAAGCCCATATTCAG",34.7826086956522,"IX:433500-433478"
"8725","gRNA_29",23,46.1,"TTATTGTCTAAGCCCATATTCAG","|||||||||||||||||||||||",0,"0","valid","YNL295W",0,"TTATTGTCTAAGCCCATATTCAG",34.7826086956522,"XIV:781487-781465"
"2390","gRNA_8",22,36.2,"GTAGTGGCTCACACTCATGCGG","X||||||||||X|||||||||||",2,"1,12","valid","YIL144W",-3.3,"AGTAGTGGCTCACACTCATGCGG",56.5217391304348,"IX:7953-7974"
"2379","gRNA_8",22,36.2,"GTAGTGGCTCACACTCATGCGG","X||||||||||X|||||||||||",2,"1,12","valid","intergenic",-3.3,"AGTAGTGGCTCACACTCATGCGG",56.5217391304348,"X:7936-7957"
"2355","gRNA_8",22,36.2,"GTAGTGGCTCACACTCATGCGG","X|||||||||||X||||||||||",2,"1,13","valid","YAL026C",-3.3,"AGTAGTGGCTCACACTCATGCGG",56.5217391304348,"I:970-991"
"2352","gRNA_8",23,38.2,"AGTAGTGGCTCACACTCATGCGG","||||||||||||||X||||||||",1,"15","valid","YCL074W",-3.3,"AGTAGTGGCTCACACTCATGCGG",56.5217391304348,"III:315616-315594"
"2339","gRNA_8",23,38.2,"AGTAGTGGCTCACACTCATGCGG","||||||||||||||X||||||||",1,"15","valid","YOL166C",-3.3,"AGTAGTGGCTCACACTCATGCGG",56.5217391304348,"XV:1014-1036"
"2328","gRNA_8",23,46.1,"AGTAGTGGCTCACACTCATGCGG","|||||||||||||||||||||||",0,"0","valid","intergenic",-3.3,"AGTAGTGGCTCACACTCATGCGG",56.5217391304348,"XI:972-994"
"2755","gRNA_10",23,38.2,"ATCTGAACAAGACGATACTGTGA","||||||||||||||||||X||||",1,"19","valid","YDL171C",-0.4,"ATCTGAACAAGACGATACTGTGA",39.1304347826087,"IV:1524317-1524295"
"2737","gRNA_10",23,46.1,"ATCTGAACAAGACGATACTGTGA","|||||||||||||||||||||||",0,"0","valid","intergenic",-0.4,"ATCTGAACAAGACGATACTGTGA",39.1304347826087,"XI:1111-1133"
"2722","gRNA_10",23,46.1,"ATCTGAACAAGACGATACTGTGA","|||||||||||||||||||||||",0,"0","valid","YIL143C",-0.4,"ATCTGAACAAGACGATACTGTGA",39.1304347826087,"IX:8091-8113"
"2702","gRNA_10",23,46.1,"ATCTGAACAAGACGATACTGTGA","|||||||||||||||||||||||",0,"0","valid","YJL186W",-0.4,"ATCTGAACAAGACGATACTGTGA",39.1304347826087,"X:8074-8096"
"2665","gRNA_10",23,46.1,"ATCTGAACAAGACGATACTGTGA","|||||||||||||||||||||||",0,"0","valid","YLL019C",-0.4,"ATCTGAACAAGACGATACTGTGA",39.1304347826087,"XII:1063973-1063951"
"7951","gRNA_26",23,30.2,"GGCAACACCAGCAGCGATGGCGG","|||||X|||X|||||||||||||",2,"6,10","valid","YCL074W",-2.6,"GGCAACACCAGCAGCGATGGCGG",69.5652173913043,"III:307857-307835"
"7812","gRNA_26",18,36.2,"CACCAGCAGCGATGGCGG","XXXXX||||||||||||||||||",5,"1,2,3,4,5","novalid","YOL166C",-2.6,"GGCAACACCAGCAGCGATGGCGG",69.5652173913043,"XV:11860-11877"
"7759","gRNA_26",23,38.2,"GGCAACACCAGCAGCGATGGCGG","|||||||||X|||||||||||||",1,"10","valid","YML088W",-2.6,"GGCAACACCAGCAGCGATGGCGG",69.5652173913043,"XIII:922697-922675"
"7739","gRNA_26",23,46.1,"GGCAACACCAGCAGCGATGGCGG","|||||||||||||||||||||||",0,"0","valid","YKL224C",-2.6,"GGCAACACCAGCAGCGATGGCGG",69.5652173913043,"XI:2125-2147"
"7725","gRNA_26",23,46.1,"GGCAACACCAGCAGCGATGGCGG","|||||||||||||||||||||||",0,"0","valid","YIL159W",-2.6,"GGCAACACCAGCAGCGATGGCGG",69.5652173913043,"IX:433985-433963"
"9156","gRNA_30",23,22.3,"TGAATTCTCCGCGAATGCCTTGG","||||X||||X||X||||||||||",3,"5,10,13","valid","YAL063C",-0.7,"TGAATTCTCCGCGAATGCCTTGG",52.1739130434783,"I:2722-2744"
"9052","gRNA_30",23,30.2,"TGAATTCTCCGCGAATGCCTTGG","||||X||||X|||||||||||||",2,"5,10","valid","YLL019C",-0.7,"TGAATTCTCCGCGAATGCCTTGG",52.1739130434783,"XII:1062368-1062346"
"9047","gRNA_30",23,46.1,"TGAATTCTCCGCGAATGCCTTGG","|||||||||||||||||||||||",0,"0","valid","YKL215C",-0.7,"TGAATTCTCCGCGAATGCCTTGG",52.1739130434783,"XI:2736-2758"
"9041","gRNA_30",23,46.1,"TGAATTCTCCGCGAATGCCTTGG","|||||||||||||||||||||||",0,"0","valid","YNL295W",-0.7,"TGAATTCTCCGCGAATGCCTTGG",52.1739130434783,"XIV:781358-781336"
"9027","gRNA_30",23,46.1,"TGAATTCTCCGCGAATGCCTTGG","|||||||||||||||||||||||",0,"0","valid","YGL227W",-0.7,"TGAATTCTCCGCGAATGCCTTGG",52.1739130434783,"VII:7207-7229"
"1693","gRNA_7",23,46.1,"TCCTTAATATTACCATTGCTTGA","|||||||||||||||||||||||",0,"0","valid","intergenic",0,"TCCTTAATATTACCATTGCTTGA",30.4347826086957,"XI:849-871"
"1651","gRNA_7",23,46.1,"TCCTTAATATTACCATTGCTTGA","|||||||||||||||||||||||",0,"0","valid","YEL075C",0,"TCCTTAATATTACCATTGCTTGA",30.4347826086957,"V:569557-569535"
"1","gRNA_1",23,46.1,"ATCCATCTCTCTACTGTCACCAG","|||||||||||||||||||||||",0,"0","valid","YKL224C",-0.1,"ATCCATCTCTCTACTGTCACCAG",47.8260869565217,"XI:185-207"
"8091","gRNA_27",23,46.1,"CTCATGTGTATTCGTATGCGTAG","|||||||||||||||||||||||",0,"0","valid","YKL223W",-2.5,"CTCATGTGTATTCGTATGCGTAG",43.4782608695652,"XI:2463-2485"
"10024","gRNA_33",23,46.1,"TACTAATTACAAGCCTCCCATGG","|||||||||||||||||||||||",0,"0","valid","YKL215C",-0.2,"TACTAATTACAAGCCTCCCATGG",43.4782608695652,"XI:2909-2931"
"10260","gRNA_34",23,46.1,"TCATTATGGTGATTAAACCACAG","|||||||||||||||||||||||",0,"0","valid","YKL215C",-3.8,"TCATTATGGTGATTAAACCACAG",34.7826086956522,"XI:3029-3051"
"10619","gRNA_35",23,46.1,"CAAAACGACAGTACTATATCTGA","|||||||||||||||||||||||",0,"0","valid","intergenic",-1.4,"CAAAACGACAGTACTATATCTGA",34.7826086956522,"XI:3089-3111"
"10902","gRNA_36",23,46.1,"TATGATGTGCACCTAAAATATAG","|||||||||||||||||||||||",0,"0","valid","YKL213C",0,"TATGATGTGCACCTAAAATATAG",30.4347826086957,"XI:3244-3266"
"11268","gRNA_37",23,46.1,"CAACTATCTAGAAAAGTATGTAG","|||||||||||||||||||||||",0,"0","valid","YKL213C",-0.4,"CAACTATCTAGAAAAGTATGTAG",30.4347826086957,"XI:3364-3386"
"11868","gRNA_38",23,46.1,"AAAAAATGAGTCACTTACTACAG","|||||||||||||||||||||||",0,"0","valid","intergenic",0,"AAAAAATGAGTCACTTACTACAG",30.4347826086957,"XI:3451-3473"
"12273","gRNA_39",23,46.1,"ATTCAATTGTTGTACCTATCTGG","|||||||||||||||||||||||",0,"0","valid","YKL212W",-0.2,"ATTCAATTGTTGTACCTATCTGG",34.7826086956522,"XI:3488-3510"
"12784","gRNA_40",23,46.1,"GTCCTCAAAATTACTCCACCCGG","|||||||||||||||||||||||",0,"0","valid","YKL222C",0,"GTCCTCAAAATTACTCCACCCGG",52.1739130434783,"XI:3518-3540"
"13307","gRNA_41",23,46.1,"GCTGTATCAAAGAAGGCACTTGG","|||||||||||||||||||||||",0,"0","valid","YKL222C",-1.5,"GCTGTATCAAAGAAGGCACTTGG",47.8260869565217,"XI:3546-3568"
"14002","gRNA_42",23,46.1,"AGAACCTAATATATCATCGATGA","|||||||||||||||||||||||",0,"0","valid","YKL222C",0,"AGAACCTAATATATCATCGATGA",30.4347826086957,"XI:3569-3591"
"14630","gRNA_43",23,46.1,"AGTGAAATACACTTATTGTGTGG","|||||||||||||||||||||||",0,"0","valid","YKL222C",-4,"AGTGAAATACACTTATTGTGTGG",34.7826086956522,"XI:3849-3871"
"15000","gRNA_44",23,46.1,"CTCAAAGTCTCCAGGACATATAG","|||||||||||||||||||||||",0,"0","valid","YKL222C",-2.3,"CTCAAAGTCTCCAGGACATATAG",43.4782608695652,"XI:3875-3897"
"15306","gRNA_45",23,46.1,"ACATTAAAGCACAAATGTAATGA","|||||||||||||||||||||||",0,"0","valid","YKL222C",-1.5,"ACATTAAAGCACAAATGTAATGA",26.0869565217391,"XI:4110-4132"
"15761","gRNA_46",23,46.1,"TGGATAAACTTCCTATCATATGG","|||||||||||||||||||||||",0,"0","valid","YKL222C",-2.7,"TGGATAAACTTCCTATCATATGG",34.7826086956522,"XI:4204-4226"
"16122","gRNA_47",23,46.1,"AGAGTTGCATGCCATAATTGAAG","|||||||||||||||||||||||",0,"0","valid","YKL222C",0,"AGAGTTGCATGCCATAATTGAAG",39.1304347826087,"XI:4227-4249"
"16470","gRNA_48",23,46.1,"TTATACAGAAGGATGTCCCCTGA","|||||||||||||||||||||||",0,"0","valid","YKL222C",-2.2,"TTATACAGAAGGATGTCCCCTGA",43.4782608695652,"XI:4416-4438"
"16788","gRNA_49",23,46.1,"AATCGTCGTTGATTCGGACCGGA","|||||||||||||||||||||||",0,"0","valid","YKL222C",-1.7,"AATCGTCGTTGATTCGGACCGGA",52.1739130434783,"XI:4474-4496"
"1140","gRNA_5",23,46.1,"CCAGTCTCACTAAATCAGTACGA","|||||||||||||||||||||||",0,"0","valid","YKL225W",0,"CCAGTCTCACTAAATCAGTACGA",43.4782608695652,"XI:506-528"
"16983","gRNA_50",23,46.1,"TAAGGGAAATTATTGTGTGCTGA","|||||||||||||||||||||||",0,"0","valid","YKL225W",0,"TAAGGGAAATTATTGTGTGCTGA",34.7826086956522,"XI:4891-4913"
"17577","gRNA_51",23,46.1,"TCAATAACACTTGGTGAGCCTGA","|||||||||||||||||||||||",0,"0","valid","YKL225W",0,"TCAATAACACTTGGTGAGCCTGA",43.4782608695652,"XI:5076-5098"
"17834","gRNA_52",23,46.1,"TGAAGATAAATATCTCATGTTGG","|||||||||||||||||||||||",0,"0","valid","YKL225W",-1.1,"TGAAGATAAATATCTCATGTTGG",30.4347826086957,"XI:5288-5310"
"18557","gRNA_53",23,46.1,"ATTCAAGCTCTTCAATACGACGA","|||||||||||||||||||||||",0,"0","valid","YKL225W",0,"ATTCAAGCTCTTCAATACGACGA",39.1304347826087,"XI:5365-5387"
"19061","gRNA_54",23,46.1,"GAAGAGCAACTTCCACAGAACGG","|||||||||||||||||||||||",0,"0","valid","YKL225W",-1.6,"GAAGAGCAACTTCCACAGAACGG",52.1739130434783,"XI:5484-5506"
"19440","gRNA_55",23,46.1,"CCGTTATTGGTTACTAGTGCTGG","|||||||||||||||||||||||",0,"0","valid","YKL225W",-2,"CCGTTATTGGTTACTAGTGCTGG",47.8260869565217,"XI:5674-5696"
"19746","gRNA_56",23,46.1,"GTAATCAGTTGCTATACATCTAG","|||||||||||||||||||||||",0,"0","valid","YKL225W",-0.1,"GTAATCAGTTGCTATACATCTAG",34.7826086956522,"XI:5708-5730"
"20013","gRNA_57",23,46.1,"TCAGTATCCTGCTATTGATATAG","|||||||||||||||||||||||",0,"0","valid","YKL225W",-2.8,"TCAGTATCCTGCTATTGATATAG",34.7826086956522,"XI:6029-6051"
"20436","gRNA_58",23,46.1,"GAAGATCATCATAGGGATGTTGA","|||||||||||||||||||||||",0,"0","valid","YKL225W",-2,"GAAGATCATCATAGGGATGTTGA",39.1304347826087,"XI:6125-6147"
"20779","gRNA_59",23,46.1,"TAACGGGAATACCTCAATCTCGA","|||||||||||||||||||||||",0,"0","valid","YKL225W",-3.4,"TAACGGGAATACCTCAATCTCGA",43.4782608695652,"XI:6181-6203"
"21032","gRNA_60",23,46.1,"GAGGTGCCTGATGGAGGATATGG","|||||||||||||||||||||||",0,"0","valid","YKL225W",-2.6,"GAGGTGCCTGATGGAGGATATGG",56.5217391304348,"XI:6206-6228"
