"","gRNA.id","gene.id","gRNA.alignment.length","gRNA.alignment.start","gRNA.alignment.length","bitscore","aligned.sequence","cigar.string","total.mismatch.N","mismatch.position","validation","gRNA.energy","PAM.sequence","GC.content"
"547","gRNA_4","YBR300C",19,31,13,30.2,"TAACTTCAATCGCCGCTGG","XXXX|||||||||||||X|||||",5,"1,2,3,4,18","valid",0,"AAATTAACTTCAATCGCCGCTGG",43.4782608695652
"546","gRNA_4","YBR301W",19,11,29,30.2,"TAACTTCAATCGCCGCTGG","XXXX|||||||||||||X|||||",5,"1,2,3,4,18","valid",0,"AAATTAACTTCAATCGCCGCTGG",43.4782608695652
"545","gRNA_4","YGR293C",19,31,13,30.2,"TAACTTCAATCGCCGCTGG","XXXX|||||||||||||X|||||",5,"1,2,3,4,18","valid",0,"AAATTAACTTCAATCGCCGCTGG",43.4782608695652
"544","gRNA_4","YGR294W",19,11,29,30.2,"TAACTTCAATCGCCGCTGG","XXXX|||||||||||||X|||||",5,"1,2,3,4,18","valid",0,"AAATTAACTTCAATCGCCGCTGG",43.4782608695652
"543","gRNA_4","YLL025W",23,7,29,30.2,"AAATTAACTTCAATCGCCGCTGG","||||||||||||||X||X|||||",2,"15,18","valid",0,"AAATTAACTTCAATCGCCGCTGG",43.4782608695652
"540","gRNA_4","YCR104W",23,7,29,38.2,"AAATTAACTTCAATCGCCGCTGG","|||||||||||||||||X|||||",1,"18","valid",0,"AAATTAACTTCAATCGCCGCTGG",43.4782608695652
"539","gRNA_4","YIL176C",23,7,29,38.2,"AAATTAACTTCAATCGCCGCTGG","|||||||||||||||||X|||||",1,"18","valid",0,"AAATTAACTTCAATCGCCGCTGG",43.4782608695652
"538","gRNA_4","YIR041W",23,7,29,38.2,"AAATTAACTTCAATCGCCGCTGG","|||||||||||||||||X|||||",1,"18","valid",0,"AAATTAACTTCAATCGCCGCTGG",43.4782608695652
"537","gRNA_4","YEL049W",23,7,29,38.2,"AAATTAACTTCAATCGCCGCTGG","||||||||||||||X||||||||",1,"15","valid",0,"AAATTAACTTCAATCGCCGCTGG",43.4782608695652
"536","gRNA_4","YHL046C",19,11,29,38.2,"TAACTTCAATCGCCGCTGG","XXXX|||||||||||||||||||",4,"1,2,3,4","valid",0,"AAATTAACTTCAATCGCCGCTGG",43.4782608695652
"535","gRNA_4","YJL223C",23,7,29,38.2,"AAATTAACTTCAATCGCCGCTGG","|||||||||||||||||X|||||",1,"18","valid",0,"AAATTAACTTCAATCGCCGCTGG",43.4782608695652
"534","gRNA_4","YKL224C",23,7,29,38.2,"AAATTAACTTCAATCGCCGCTGG","|||||||||||||||||X|||||",1,"18","valid",0,"AAATTAACTTCAATCGCCGCTGG",43.4782608695652
"533","gRNA_4","YLL064C",23,7,29,38.2,"AAATTAACTTCAATCGCCGCTGG","|||||||||||||||||X|||||",1,"18","valid",0,"AAATTAACTTCAATCGCCGCTGG",43.4782608695652
"532","gRNA_4","YNR076W",23,7,29,38.2,"AAATTAACTTCAATCGCCGCTGG","|||||||||||||||||X|||||",1,"18","valid",0,"AAATTAACTTCAATCGCCGCTGG",43.4782608695652
"531","gRNA_4","YOL161C",23,7,29,38.2,"AAATTAACTTCAATCGCCGCTGG","|||||||||||||||||X|||||",1,"18","valid",0,"AAATTAACTTCAATCGCCGCTGG",43.4782608695652
"530","gRNA_4","YOR394W",23,127,149,38.2,"AAATTAACTTCAATCGCCGCTGG","|||||||||||||||||X|||||",1,"18","valid",0,"AAATTAACTTCAATCGCCGCTGG",43.4782608695652
"529","gRNA_4","YPL282C",23,127,149,38.2,"AAATTAACTTCAATCGCCGCTGG","|||||||||||||||||X|||||",1,"18","valid",0,"AAATTAACTTCAATCGCCGCTGG",43.4782608695652
"528","gRNA_4","YAL068C",23,7,29,46.1,"AAATTAACTTCAATCGCCGCTGG","|||||||||||||||||||||||",0,"0","valid",0,"AAATTAACTTCAATCGCCGCTGG",43.4782608695652
"527","gRNA_4","YDR542W",23,7,29,46.1,"AAATTAACTTCAATCGCCGCTGG","|||||||||||||||||||||||",0,"0","valid",0,"AAATTAACTTCAATCGCCGCTGG",43.4782608695652
"526","gRNA_4","YFL020C",23,7,29,46.1,"AAATTAACTTCAATCGCCGCTGG","|||||||||||||||||||||||",0,"0","valid",0,"AAATTAACTTCAATCGCCGCTGG",43.4782608695652
"525","gRNA_4","YGL261C",23,7,29,46.1,"AAATTAACTTCAATCGCCGCTGG","|||||||||||||||||||||||",0,"0","valid",0,"AAATTAACTTCAATCGCCGCTGG",43.4782608695652
"524","gRNA_4","YLR461W",23,7,29,46.1,"AAATTAACTTCAATCGCCGCTGG","|||||||||||||||||||||||",0,"0","valid",0,"AAATTAACTTCAATCGCCGCTGG",43.4782608695652
"1557","gRNA_8","YCR104W",22,229,250,36.2,"GGTGACTTCACCACCATGTTGA","X||||||||||||||X|||||||",2,"1,16","valid",-5,"CGGTGACTTCACCACCATGTTGA",52.1739130434783
"1556","gRNA_8","YFL020C",23,225,247,38.2,"CGGTGACTTCACCACCATGTTGA","||||||X||||||||||||||||",1,"7","valid",-5,"CGGTGACTTCACCACCATGTTGA",52.1739130434783
"1555","gRNA_8","YIR041W",22,229,250,44.1,"GGTGACTTCACCACCATGTTGA","X||||||||||||||||||||||",1,"1","valid",-5,"CGGTGACTTCACCACCATGTTGA",52.1739130434783
"1554","gRNA_8","YKL224C",22,229,250,44.1,"GGTGACTTCACCACCATGTTGA","X||||||||||||||||||||||",1,"1","valid",-5,"CGGTGACTTCACCACCATGTTGA",52.1739130434783
"1553","gRNA_8","YMR325W",22,229,250,44.1,"GGTGACTTCACCACCATGTTGA","X||||||||||||||||||||||",1,"1","valid",-5,"CGGTGACTTCACCACCATGTTGA",52.1739130434783
"1552","gRNA_8","YOR394W",22,349,370,44.1,"GGTGACTTCACCACCATGTTGA","X||||||||||||||||||||||",1,"1","valid",-5,"CGGTGACTTCACCACCATGTTGA",52.1739130434783
"1551","gRNA_8","YPL282C",22,349,370,44.1,"GGTGACTTCACCACCATGTTGA","X||||||||||||||||||||||",1,"1","valid",-5,"CGGTGACTTCACCACCATGTTGA",52.1739130434783
"1550","gRNA_8","YAL068C",23,219,241,46.1,"CGGTGACTTCACCACCATGTTGA","|||||||||||||||||||||||",0,"0","valid",-5,"CGGTGACTTCACCACCATGTTGA",52.1739130434783
"1549","gRNA_8","YBR301W",23,219,241,46.1,"CGGTGACTTCACCACCATGTTGA","|||||||||||||||||||||||",0,"0","valid",-5,"CGGTGACTTCACCACCATGTTGA",52.1739130434783
"1548","gRNA_8","YDR542W",23,219,241,46.1,"CGGTGACTTCACCACCATGTTGA","|||||||||||||||||||||||",0,"0","valid",-5,"CGGTGACTTCACCACCATGTTGA",52.1739130434783
"1547","gRNA_8","YIL176C",23,219,241,46.1,"CGGTGACTTCACCACCATGTTGA","|||||||||||||||||||||||",0,"0","valid",-5,"CGGTGACTTCACCACCATGTTGA",52.1739130434783
"1546","gRNA_8","YEL049W",23,219,241,46.1,"CGGTGACTTCACCACCATGTTGA","|||||||||||||||||||||||",0,"0","valid",-5,"CGGTGACTTCACCACCATGTTGA",52.1739130434783
"1545","gRNA_8","YGL261C",23,219,241,46.1,"CGGTGACTTCACCACCATGTTGA","|||||||||||||||||||||||",0,"0","valid",-5,"CGGTGACTTCACCACCATGTTGA",52.1739130434783
"1544","gRNA_8","YGR294W",23,219,241,46.1,"CGGTGACTTCACCACCATGTTGA","|||||||||||||||||||||||",0,"0","valid",-5,"CGGTGACTTCACCACCATGTTGA",52.1739130434783
"1543","gRNA_8","YHL046C",23,219,241,46.1,"CGGTGACTTCACCACCATGTTGA","|||||||||||||||||||||||",0,"0","valid",-5,"CGGTGACTTCACCACCATGTTGA",52.1739130434783
"1542","gRNA_8","YJL223C",23,219,241,46.1,"CGGTGACTTCACCACCATGTTGA","|||||||||||||||||||||||",0,"0","valid",-5,"CGGTGACTTCACCACCATGTTGA",52.1739130434783
"1541","gRNA_8","YLL064C",23,219,241,46.1,"CGGTGACTTCACCACCATGTTGA","|||||||||||||||||||||||",0,"0","valid",-5,"CGGTGACTTCACCACCATGTTGA",52.1739130434783
"1540","gRNA_8","YLR461W",23,219,241,46.1,"CGGTGACTTCACCACCATGTTGA","|||||||||||||||||||||||",0,"0","valid",-5,"CGGTGACTTCACCACCATGTTGA",52.1739130434783
"1539","gRNA_8","YNR076W",23,219,241,46.1,"CGGTGACTTCACCACCATGTTGA","|||||||||||||||||||||||",0,"0","valid",-5,"CGGTGACTTCACCACCATGTTGA",52.1739130434783
"1538","gRNA_8","YOL161C",23,219,241,46.1,"CGGTGACTTCACCACCATGTTGA","|||||||||||||||||||||||",0,"0","valid",-5,"CGGTGACTTCACCACCATGTTGA",52.1739130434783
"2134","gRNA_10","YLL064C",23,281,303,30.2,"GTGTTCCATGGTACTCCAGCAGA","||||X|||||||||||||X||||",2,"5,19","valid",-1.7,"GTGTTCCATGGTACTCCAGCAGA",52.1739130434783
"2133","gRNA_10","YLR037C",23,290,312,30.2,"GTGTTCCATGGTACTCCAGCAGA","||||X|||||||||||||X||||",2,"5,19","valid",-1.7,"GTGTTCCATGGTACTCCAGCAGA",52.1739130434783
"2132","gRNA_10","YNR076W",23,281,303,30.2,"GTGTTCCATGGTACTCCAGCAGA","||||X|||||||||||||X||||",2,"5,19","valid",-1.7,"GTGTTCCATGGTACTCCAGCAGA",52.1739130434783
"2131","gRNA_10","YOL161C",23,281,303,30.2,"GTGTTCCATGGTACTCCAGCAGA","||||X|||||||||||||X||||",2,"5,19","valid",-1.7,"GTGTTCCATGGTACTCCAGCAGA",52.1739130434783
"2129","gRNA_10","YBR301W",23,281,303,38.2,"GTGTTCCATGGTACTCCAGCAGA","||||X||||||||||||||||||",1,"5","valid",-1.7,"GTGTTCCATGGTACTCCAGCAGA",52.1739130434783
"2128","gRNA_10","YIL176C",23,281,303,38.2,"GTGTTCCATGGTACTCCAGCAGA","||||X||||||||||||||||||",1,"5","valid",-1.7,"GTGTTCCATGGTACTCCAGCAGA",52.1739130434783
"2127","gRNA_10","YFL020C",23,287,309,38.2,"GTGTTCCATGGTACTCCAGCAGA","||||||||||||||||X||||||",1,"17","valid",-1.7,"GTGTTCCATGGTACTCCAGCAGA",52.1739130434783
"2126","gRNA_10","YJL223C",23,281,303,38.2,"GTGTTCCATGGTACTCCAGCAGA","||||X||||||||||||||||||",1,"5","valid",-1.7,"GTGTTCCATGGTACTCCAGCAGA",52.1739130434783
"2125","gRNA_10","YAL068C",23,281,303,46.1,"GTGTTCCATGGTACTCCAGCAGA","|||||||||||||||||||||||",0,"0","valid",-1.7,"GTGTTCCATGGTACTCCAGCAGA",52.1739130434783
"2124","gRNA_10","YBL108C-A",23,47,69,46.1,"GTGTTCCATGGTACTCCAGCAGA","|||||||||||||||||||||||",0,"0","valid",-1.7,"GTGTTCCATGGTACTCCAGCAGA",52.1739130434783
"2123","gRNA_10","YDR542W",23,281,303,46.1,"GTGTTCCATGGTACTCCAGCAGA","|||||||||||||||||||||||",0,"0","valid",-1.7,"GTGTTCCATGGTACTCCAGCAGA",52.1739130434783
"2122","gRNA_10","YEL049W",23,281,303,46.1,"GTGTTCCATGGTACTCCAGCAGA","|||||||||||||||||||||||",0,"0","valid",-1.7,"GTGTTCCATGGTACTCCAGCAGA",52.1739130434783
"2121","gRNA_10","YGL261C",23,281,303,46.1,"GTGTTCCATGGTACTCCAGCAGA","|||||||||||||||||||||||",0,"0","valid",-1.7,"GTGTTCCATGGTACTCCAGCAGA",52.1739130434783
"2120","gRNA_10","YGR294W",23,281,303,46.1,"GTGTTCCATGGTACTCCAGCAGA","|||||||||||||||||||||||",0,"0","valid",-1.7,"GTGTTCCATGGTACTCCAGCAGA",52.1739130434783
"2119","gRNA_10","YHL046C",23,281,303,46.1,"GTGTTCCATGGTACTCCAGCAGA","|||||||||||||||||||||||",0,"0","valid",-1.7,"GTGTTCCATGGTACTCCAGCAGA",52.1739130434783
"2118","gRNA_10","YLR461W",23,281,303,46.1,"GTGTTCCATGGTACTCCAGCAGA","|||||||||||||||||||||||",0,"0","valid",-1.7,"GTGTTCCATGGTACTCCAGCAGA",52.1739130434783
"1338","gRNA_7","YCR104W",19,181,199,30.2,"CCAACTGAAACCTACCCAG","XXXX||||||||X||||||||||",5,"1,2,3,4,13","valid",0,"CCACCCAACTGAAACCTACCCAG",56.5217391304348
"1336","gRNA_7","YLL025W",19,181,199,30.2,"CCAACTGAAACCTACCCAG","XXXX|||||||||||X|||||||",5,"1,2,3,4,16","valid",0,"CCACCCAACTGAAACCTACCCAG",56.5217391304348
"1335","gRNA_7","YLR037C",19,181,199,30.2,"CCAACTGAAACCTACCCAG","XXXX|||||||||||X|||||||",5,"1,2,3,4,16","valid",0,"CCACCCAACTGAAACCTACCCAG",56.5217391304348
"1334","gRNA_7","YMR325W",19,181,199,30.2,"CCAACTGAAACCTACCCAG","XXXX||||||||X||||||||||",5,"1,2,3,4,13","valid",0,"CCACCCAACTGAAACCTACCCAG",56.5217391304348
"1333","gRNA_7","YBR301W",19,172,190,38.2,"CCAACTGAAACCTACCCAG","XXXX|||||||||||||||||||",4,"1,2,3,4","valid",0,"CCACCCAACTGAAACCTACCCAG",56.5217391304348
"1332","gRNA_7","YDR542W",23,168,190,38.2,"CCACCCAACTGAAACCTACCCAG","|||||||||X|||||||||||||",1,"10","valid",0,"CCACCCAACTGAAACCTACCCAG",56.5217391304348
"1331","gRNA_7","YGL261C",23,168,190,38.2,"CCACCCAACTGAAACCTACCCAG","|||||||||X|||||||||||||",1,"10","valid",0,"CCACCCAACTGAAACCTACCCAG",56.5217391304348
"1330","gRNA_7","YGR294W",19,172,190,38.2,"CCAACTGAAACCTACCCAG","XXXX|||||||||||||||||||",4,"1,2,3,4","valid",0,"CCACCCAACTGAAACCTACCCAG",56.5217391304348
"1329","gRNA_7","YEL049W",21,169,189,42.1,"CACCCAACTGAAACCTACCCA","X|||||||||||||||||||||X",2,"1,23","valid",0,"CCACCCAACTGAAACCTACCCAG",56.5217391304348
"1327","gRNA_7","YIL176C",22,169,190,44.1,"CACCCAACTGAAACCTACCCAG","X||||||||||||||||||||||",1,"1","valid",0,"CCACCCAACTGAAACCTACCCAG",56.5217391304348
"1326","gRNA_7","YJL223C",22,169,190,44.1,"CACCCAACTGAAACCTACCCAG","X||||||||||||||||||||||",1,"1","valid",0,"CCACCCAACTGAAACCTACCCAG",56.5217391304348
"1325","gRNA_7","YAL068C",23,168,190,46.1,"CCACCCAACTGAAACCTACCCAG","|||||||||||||||||||||||",0,"0","valid",0,"CCACCCAACTGAAACCTACCCAG",56.5217391304348
"1324","gRNA_7","YLL064C",23,168,190,46.1,"CCACCCAACTGAAACCTACCCAG","|||||||||||||||||||||||",0,"0","valid",0,"CCACCCAACTGAAACCTACCCAG",56.5217391304348
"1323","gRNA_7","YLR461W",23,168,190,46.1,"CCACCCAACTGAAACCTACCCAG","|||||||||||||||||||||||",0,"0","valid",0,"CCACCCAACTGAAACCTACCCAG",56.5217391304348
"1322","gRNA_7","YNR076W",23,168,190,46.1,"CCACCCAACTGAAACCTACCCAG","|||||||||||||||||||||||",0,"0","valid",0,"CCACCCAACTGAAACCTACCCAG",56.5217391304348
"1321","gRNA_7","YOL161C",23,168,190,46.1,"CCACCCAACTGAAACCTACCCAG","|||||||||||||||||||||||",0,"0","valid",0,"CCACCCAACTGAAACCTACCCAG",56.5217391304348
"886","gRNA_5","YEL049W",23,103,125,38.2,"GAATTGGGTGTCTACGTCTCTGA","|||||||||||||||||X|||||",1,"18","valid",-0.4,"GAATTGGGTGTCTACGTCTCTGA",47.8260869565217
"885","gRNA_5","YGL261C",23,103,125,38.2,"GAATTGGGTGTCTACGTCTCTGA","|||||X|||||||||||||||||",1,"6","valid",-0.4,"GAATTGGGTGTCTACGTCTCTGA",47.8260869565217
"884","gRNA_5","YLL025W",23,112,134,38.2,"GAATTGGGTGTCTACGTCTCTGA","|||||X|||||||||||||||||",1,"6","valid",-0.4,"GAATTGGGTGTCTACGTCTCTGA",47.8260869565217
"883","gRNA_5","YAL068C",23,103,125,46.1,"GAATTGGGTGTCTACGTCTCTGA","|||||||||||||||||||||||",0,"0","valid",-0.4,"GAATTGGGTGTCTACGTCTCTGA",47.8260869565217
"882","gRNA_5","YBR301W",23,103,125,46.1,"GAATTGGGTGTCTACGTCTCTGA","|||||||||||||||||||||||",0,"0","valid",-0.4,"GAATTGGGTGTCTACGTCTCTGA",47.8260869565217
"881","gRNA_5","YDR542W",23,103,125,46.1,"GAATTGGGTGTCTACGTCTCTGA","|||||||||||||||||||||||",0,"0","valid",-0.4,"GAATTGGGTGTCTACGTCTCTGA",47.8260869565217
"880","gRNA_5","YIL176C",23,103,125,46.1,"GAATTGGGTGTCTACGTCTCTGA","|||||||||||||||||||||||",0,"0","valid",-0.4,"GAATTGGGTGTCTACGTCTCTGA",47.8260869565217
"879","gRNA_5","YGR294W",23,103,125,46.1,"GAATTGGGTGTCTACGTCTCTGA","|||||||||||||||||||||||",0,"0","valid",-0.4,"GAATTGGGTGTCTACGTCTCTGA",47.8260869565217
"878","gRNA_5","YHL046C",23,103,125,46.1,"GAATTGGGTGTCTACGTCTCTGA","|||||||||||||||||||||||",0,"0","valid",-0.4,"GAATTGGGTGTCTACGTCTCTGA",47.8260869565217
"877","gRNA_5","YJL223C",23,103,125,46.1,"GAATTGGGTGTCTACGTCTCTGA","|||||||||||||||||||||||",0,"0","valid",-0.4,"GAATTGGGTGTCTACGTCTCTGA",47.8260869565217
"876","gRNA_5","YLL064C",23,103,125,46.1,"GAATTGGGTGTCTACGTCTCTGA","|||||||||||||||||||||||",0,"0","valid",-0.4,"GAATTGGGTGTCTACGTCTCTGA",47.8260869565217
"875","gRNA_5","YLR461W",23,103,125,46.1,"GAATTGGGTGTCTACGTCTCTGA","|||||||||||||||||||||||",0,"0","valid",-0.4,"GAATTGGGTGTCTACGTCTCTGA",47.8260869565217
"874","gRNA_5","YNR076W",23,103,125,46.1,"GAATTGGGTGTCTACGTCTCTGA","|||||||||||||||||||||||",0,"0","valid",-0.4,"GAATTGGGTGTCTACGTCTCTGA",47.8260869565217
"873","gRNA_5","YOL161C",23,103,125,46.1,"GAATTGGGTGTCTACGTCTCTGA","|||||||||||||||||||||||",0,"0","valid",-0.4,"GAATTGGGTGTCTACGTCTCTGA",47.8260869565217
"1900","gRNA_9","YBL108C-A",22,10,31,36.2,"GGTATTGCTCCAGACCAAGTGA","X||||||||X|||||||||||||",2,"1,10","valid",-1.8,"CGGTATTGCTCCAGACCAAGTGA",52.1739130434783
"1899","gRNA_9","YDR542W",22,244,265,36.2,"GGTATTGCTCCAGACCAAGTGA","X||||||||X|||||||||||||",2,"1,10","valid",-1.8,"CGGTATTGCTCCAGACCAAGTGA",52.1739130434783
"1898","gRNA_9","YIL176C",22,244,265,36.2,"GGTATTGCTCCAGACCAAGTGA","X||||||X|||||||||||||||",2,"1,8","valid",-1.8,"CGGTATTGCTCCAGACCAAGTGA",52.1739130434783
"1897","gRNA_9","YEL049W",22,244,265,36.2,"GGTATTGCTCCAGACCAAGTGA","X||||||||X|||||||||||||",2,"1,10","valid",-1.8,"CGGTATTGCTCCAGACCAAGTGA",52.1739130434783
"1896","gRNA_9","YGL261C",22,244,265,36.2,"GGTATTGCTCCAGACCAAGTGA","X||||||||X|||||||||||||",2,"1,10","valid",-1.8,"CGGTATTGCTCCAGACCAAGTGA",52.1739130434783
"1895","gRNA_9","YGR294W",22,244,265,36.2,"GGTATTGCTCCAGACCAAGTGA","X||||||||X|||||||||||||",2,"1,10","valid",-1.8,"CGGTATTGCTCCAGACCAAGTGA",52.1739130434783
"1894","gRNA_9","YHL046C",22,244,265,36.2,"GGTATTGCTCCAGACCAAGTGA","X||||||||X|||||||||||||",2,"1,10","valid",-1.8,"CGGTATTGCTCCAGACCAAGTGA",52.1739130434783
"1893","gRNA_9","YJL223C",22,244,265,36.2,"GGTATTGCTCCAGACCAAGTGA","X||||||X|||||||||||||||",2,"1,8","valid",-1.8,"CGGTATTGCTCCAGACCAAGTGA",52.1739130434783
"1892","gRNA_9","YLL064C",22,244,265,36.2,"GGTATTGCTCCAGACCAAGTGA","X||||||||X|||||||||||||",2,"1,10","valid",-1.8,"CGGTATTGCTCCAGACCAAGTGA",52.1739130434783
"1891","gRNA_9","YLR461W",22,244,265,36.2,"GGTATTGCTCCAGACCAAGTGA","X||||||||X|||||||||||||",2,"1,10","valid",-1.8,"CGGTATTGCTCCAGACCAAGTGA",52.1739130434783
"1890","gRNA_9","YNR076W",22,244,265,36.2,"GGTATTGCTCCAGACCAAGTGA","X||||||||X|||||||||||||",2,"1,10","valid",-1.8,"CGGTATTGCTCCAGACCAAGTGA",52.1739130434783
"1889","gRNA_9","YBR301W",23,243,265,38.2,"CGGTATTGCTCCAGACCAAGTGA","|||||||||X|||||||||||||",1,"10","valid",-1.8,"CGGTATTGCTCCAGACCAAGTGA",52.1739130434783
"1888","gRNA_9","YAL068C",23,243,265,46.1,"CGGTATTGCTCCAGACCAAGTGA","|||||||||||||||||||||||",0,"0","valid",-1.8,"CGGTATTGCTCCAGACCAAGTGA",52.1739130434783
"179","gRNA_2","YOL166W-A",23,1,23,38.2,"ATGCACGGCACTTGCCTCAGCGG","|||||||||X|||||||||||||",1,"10","valid",-4.9,"ATGCACGGCACTTGCCTCAGCGG",65.2173913043478
"178","gRNA_2","YDR543C",20,49,68,40.1,"CACGGCACTTGCCTCAGCGG","XXX||||||||||||||||||||",3,"1,2,3","valid",-4.9,"ATGCACGGCACTTGCCTCAGCGG",65.2173913043478
"177","gRNA_2","YKL225W",20,97,116,40.1,"CACGGCACTTGCCTCAGCGG","XXX||||||||||||||||||||",3,"1,2,3","valid",-4.9,"ATGCACGGCACTTGCCTCAGCGG",65.2173913043478
"175","gRNA_2","YAL069W",23,204,226,46.1,"ATGCACGGCACTTGCCTCAGCGG","|||||||||||||||||||||||",0,"0","valid",-4.9,"ATGCACGGCACTTGCCTCAGCGG",65.2173913043478
"174","gRNA_2","YAL068W-A",23,1,23,46.1,"ATGCACGGCACTTGCCTCAGCGG","|||||||||||||||||||||||",0,"0","valid",-4.9,"ATGCACGGCACTTGCCTCAGCGG",65.2173913043478
"173","gRNA_2","YCR108C",23,143,165,46.1,"ATGCACGGCACTTGCCTCAGCGG","|||||||||||||||||||||||",0,"0","valid",-4.9,"ATGCACGGCACTTGCCTCAGCGG",65.2173913043478
"172","gRNA_2","YER188C-A",23,46,68,46.1,"ATGCACGGCACTTGCCTCAGCGG","|||||||||||||||||||||||",0,"0","valid",-4.9,"ATGCACGGCACTTGCCTCAGCGG",65.2173913043478
"171","gRNA_2","YFL063W",23,202,224,46.1,"ATGCACGGCACTTGCCTCAGCGG","|||||||||||||||||||||||",0,"0","valid",-4.9,"ATGCACGGCACTTGCCTCAGCGG",65.2173913043478
"170","gRNA_2","YJR162C",23,97,119,46.1,"ATGCACGGCACTTGCCTCAGCGG","|||||||||||||||||||||||",0,"0","valid",-4.9,"ATGCACGGCACTTGCCTCAGCGG",65.2173913043478
"169","gRNA_2","YLL065W",23,97,119,46.1,"ATGCACGGCACTTGCCTCAGCGG","|||||||||||||||||||||||",0,"0","valid",-4.9,"ATGCACGGCACTTGCCTCAGCGG",65.2173913043478
"168","gRNA_2","YNL337W",23,1,23,46.1,"ATGCACGGCACTTGCCTCAGCGG","|||||||||||||||||||||||",0,"0","valid",-4.9,"ATGCACGGCACTTGCCTCAGCGG",65.2173913043478
"167","gRNA_2","YNR077C",23,1,23,46.1,"ATGCACGGCACTTGCCTCAGCGG","|||||||||||||||||||||||",0,"0","valid",-4.9,"ATGCACGGCACTTGCCTCAGCGG",65.2173913043478
"1073","gRNA_6","YIR041W",22,151,172,28.2,"GCCCAATACTACATGTTCCAAG","X||||||||||||X||||X||||",3,"1,14,19","valid",0,"AGCCCAATACTACATGTTCCAAG",43.4782608695652
"1072","gRNA_6","YKL224C",22,151,172,28.2,"GCCCAATACTACATGTTCCAAG","X||||||||||||X||||X||||",3,"1,14,19","valid",0,"AGCCCAATACTACATGTTCCAAG",43.4782608695652
"1068","gRNA_6","YGL261C",19,145,163,38.2,"CAATACTACATGTTCCAAG","XXXX|||||||||||||||||||",4,"1,2,3,4","valid",0,"AGCCCAATACTACATGTTCCAAG",43.4782608695652
"1067","gRNA_6","YDR542W",22,142,163,44.1,"GCCCAATACTACATGTTCCAAG","X||||||||||||||||||||||",1,"1","valid",0,"AGCCCAATACTACATGTTCCAAG",43.4782608695652
"1066","gRNA_6","YIL176C",22,142,163,44.1,"GCCCAATACTACATGTTCCAAG","X||||||||||||||||||||||",1,"1","valid",0,"AGCCCAATACTACATGTTCCAAG",43.4782608695652
"1065","gRNA_6","YHL046C",22,142,163,44.1,"GCCCAATACTACATGTTCCAAG","X||||||||||||||||||||||",1,"1","valid",0,"AGCCCAATACTACATGTTCCAAG",43.4782608695652
"1064","gRNA_6","YJL223C",22,142,163,44.1,"GCCCAATACTACATGTTCCAAG","X||||||||||||||||||||||",1,"1","valid",0,"AGCCCAATACTACATGTTCCAAG",43.4782608695652
"1063","gRNA_6","YLL064C",22,142,163,44.1,"GCCCAATACTACATGTTCCAAG","X||||||||||||||||||||||",1,"1","valid",0,"AGCCCAATACTACATGTTCCAAG",43.4782608695652
"1062","gRNA_6","YLR461W",22,142,163,44.1,"GCCCAATACTACATGTTCCAAG","X||||||||||||||||||||||",1,"1","valid",0,"AGCCCAATACTACATGTTCCAAG",43.4782608695652
"1061","gRNA_6","YNR076W",22,142,163,44.1,"GCCCAATACTACATGTTCCAAG","X||||||||||||||||||||||",1,"1","valid",0,"AGCCCAATACTACATGTTCCAAG",43.4782608695652
"1060","gRNA_6","YOL161C",22,142,163,44.1,"GCCCAATACTACATGTTCCAAG","X||||||||||||||||||||||",1,"1","valid",0,"AGCCCAATACTACATGTTCCAAG",43.4782608695652
"1059","gRNA_6","YAL068C",23,141,163,46.1,"AGCCCAATACTACATGTTCCAAG","|||||||||||||||||||||||",0,"0","valid",0,"AGCCCAATACTACATGTTCCAAG",43.4782608695652
"265","gRNA_3","YKL225W",22,167,188,36.2,"ATATCTATATCTCATTCGGCGG","X|||||||||||||||||X||||",2,"1,19","valid",-0.5,"GATATCTATATCTCATTCGGCGG",43.4782608695652
"264","gRNA_3","YMR326C",22,74,95,36.2,"ATATCTATATCTCATTCGGCGG","X|||||||||||||||||X||||",2,"1,19","valid",-0.5,"GATATCTATATCTCATTCGGCGG",43.4782608695652
"263","gRNA_3","YOL166W-A",22,74,95,36.2,"ATATCTATATCTCATTCGGCGG","X||||||||||||||||X|||||",2,"1,18","valid",-0.5,"GATATCTATATCTCATTCGGCGG",43.4782608695652
"262","gRNA_3","YLL065W",21,170,190,42.1,"ATATCTATATCTCATTCGGCG","X|||||||||||||||||||||X",2,"1,23","valid",-0.5,"GATATCTATATCTCATTCGGCGG",43.4782608695652
"261","gRNA_3","YDR543C",22,119,140,44.1,"ATATCTATATCTCATTCGGCGG","X||||||||||||||||||||||",1,"1","valid",-0.5,"GATATCTATATCTCATTCGGCGG",43.4782608695652
"260","gRNA_3","YER188C-A",22,119,140,44.1,"ATATCTATATCTCATTCGGCGG","X||||||||||||||||||||||",1,"1","valid",-0.5,"GATATCTATATCTCATTCGGCGG",43.4782608695652
"259","gRNA_3","YJR162C",22,170,191,44.1,"ATATCTATATCTCATTCGGCGG","X||||||||||||||||||||||",1,"1","valid",-0.5,"GATATCTATATCTCATTCGGCGG",43.4782608695652
"258","gRNA_3","YNL337W",22,74,95,44.1,"ATATCTATATCTCATTCGGCGG","X||||||||||||||||||||||",1,"1","valid",-0.5,"GATATCTATATCTCATTCGGCGG",43.4782608695652
"257","gRNA_3","YNR077C",22,74,95,44.1,"ATATCTATATCTCATTCGGCGG","X||||||||||||||||||||||",1,"1","valid",-0.5,"GATATCTATATCTCATTCGGCGG",43.4782608695652
"256","gRNA_3","YAL069W",23,276,298,46.1,"GATATCTATATCTCATTCGGCGG","|||||||||||||||||||||||",0,"0","valid",-0.5,"GATATCTATATCTCATTCGGCGG",43.4782608695652
"255","gRNA_3","YAL068W-A",23,73,95,46.1,"GATATCTATATCTCATTCGGCGG","|||||||||||||||||||||||",0,"0","valid",-0.5,"GATATCTATATCTCATTCGGCGG",43.4782608695652
"2367","gRNA_11","YIR040C",23,107,128,30.2,"ATGCCAATTATAGGGGTGCCGAG","|||||||||||||||X|||||||",1,"16","valid",-1.8,"ATGCCAATTATAGGGGTGCCGAG",52.1739130434783
"2366","gRNA_11","YGL260W",23,107,128,30.2,"ATGCCAATTATAGGGGTGCCGAG","|||||||||||||||X|||||||",1,"16","valid",-1.8,"ATGCCAATTATAGGGGTGCCGAG",52.1739130434783
"2365","gRNA_11","YKL223W",23,107,128,30.2,"ATGCCAATTATAGGGGTGCCGAG","|||||||||||||||X|||||||",1,"16","valid",-1.8,"ATGCCAATTATAGGGGTGCCGAG",52.1739130434783
"2362","gRNA_11","YMR324C",23,116,138,38.2,"ATGCCAATTATAGGGGTGCCGAG","||||||X||||||||||||||||",1,"7","valid",-1.8,"ATGCCAATTATAGGGGTGCCGAG",52.1739130434783
"2361","gRNA_11","YAL067W-A",23,1,23,46.1,"ATGCCAATTATAGGGGTGCCGAG","|||||||||||||||||||||||",0,"0","valid",-1.8,"ATGCCAATTATAGGGGTGCCGAG",52.1739130434783
"2360","gRNA_11","YIL175W",23,287,309,46.1,"ATGCCAATTATAGGGGTGCCGAG","|||||||||||||||||||||||",0,"0","valid",-1.8,"ATGCCAATTATAGGGGTGCCGAG",52.1739130434783
"2359","gRNA_11","YIL174W",23,1,23,46.1,"ATGCCAATTATAGGGGTGCCGAG","|||||||||||||||||||||||",0,"0","valid",-1.8,"ATGCCAATTATAGGGGTGCCGAG",52.1739130434783
"2358","gRNA_11","YJL222W-B",23,107,129,46.1,"ATGCCAATTATAGGGGTGCCGAG","|||||||||||||||||||||||",0,"0","valid",-1.8,"ATGCCAATTATAGGGGTGCCGAG",52.1739130434783
"2357","gRNA_11","YJL222W-A",23,1,23,46.1,"ATGCCAATTATAGGGGTGCCGAG","|||||||||||||||||||||||",0,"0","valid",-1.8,"ATGCCAATTATAGGGGTGCCGAG",52.1739130434783
"2356","gRNA_11","YNR075C-A",23,1,23,46.1,"ATGCCAATTATAGGGGTGCCGAG","|||||||||||||||||||||||",0,"0","valid",-1.8,"ATGCCAATTATAGGGGTGCCGAG",52.1739130434783
"7573","gRNA_29","YHR211W",21,2899,2919,34.2,"ACCAATACTGGAGCTGCTGAG","XX|||||||||||X|||||||||",3,"1,2,14","valid",-1.4,"CAACCAATACTGGAGCTGCTGAG",52.1739130434783
"7572","gRNA_29","YAR050W",22,4229,4250,28.2,"CAACCAATACTGGAGCTGCTGA","|||||||||||XX|||||||||X",3,"12,13,23","novalid",-1.4,"CAACCAATACTGGAGCTGCTGAG",52.1739130434783
"7571","gRNA_29","YAR050W",21,4258,4278,34.2,"ACCAATACTGGAGCTGCTGAG","XX||||||||||X||||||||||",3,"1,2,13","valid",-1.4,"CAACCAATACTGGAGCTGCTGAG",52.1739130434783
"7570","gRNA_29","YAR050W",21,4285,4305,42.1,"ACCAATACTGGAGCTGCTGAG","XX|||||||||||||||||||||",2,"1,2","valid",-1.4,"CAACCAATACTGGAGCTGCTGAG",52.1739130434783
"7569","gRNA_29","YAL065C",21,55,75,34.2,"ACCAATACTGGAGCTGCTGAG","XX||||X||||||||||||||||",3,"1,2,7","valid",-1.4,"CAACCAATACTGGAGCTGCTGAG",52.1739130434783
"7568","gRNA_29","YAL065C",23,26,48,46.1,"CAACCAATACTGGAGCTGCTGAG","|||||||||||||||||||||||",0,"0","valid",-1.4,"CAACCAATACTGGAGCTGCTGAG",52.1739130434783
"7567","gRNA_29","YAL063C",21,3640,3660,34.2,"ACCAATACTGGAGCTGCTGAG","XX||||X||||||||||||||||",3,"1,2,7","valid",-1.4,"CAACCAATACTGGAGCTGCTGAG",52.1739130434783
"7566","gRNA_29","YAL063C",23,3611,3633,46.1,"CAACCAATACTGGAGCTGCTGAG","|||||||||||||||||||||||",0,"0","valid",-1.4,"CAACCAATACTGGAGCTGCTGAG",52.1739130434783
"14171","gRNA_57","YOR239W",19,1573,1591,30.2,"CAATGGTATCAAGCCATGG","XXXX||||||X||||||||||||",5,"1,2,3,4,11","valid",-4.4,"CCATCAATGGTATCAAGCCATGG",47.8260869565217
"14170","gRNA_57","YAR062W",21,151,171,34.2,"ATCAATGGTATCAAGCCATGG","XX|||||||||||X|||||||||",3,"1,2,14","valid",-4.4,"CCATCAATGGTATCAAGCCATGG",47.8260869565217
"14169","gRNA_57","YHR213W",21,151,171,34.2,"ATCAATGGTATCAAGCCATGG","XX|||||||||||X|||||||||",3,"1,2,14","valid",-4.4,"CCATCAATGGTATCAAGCCATGG",47.8260869565217
"14168","gRNA_57","YAL064C-A",18,154,171,36.2,"AATGGTATCAAGCCATGG","XXXXX||||||||||||||||||",5,"1,2,3,4,5","novalid",-4.4,"CCATCAATGGTATCAAGCCATGG",47.8260869565217
"14167","gRNA_57","YHR211W",21,568,588,42.1,"ATCAATGGTATCAAGCCATGG","XX|||||||||||||||||||||",2,"1,2","valid",-4.4,"CCATCAATGGTATCAAGCCATGG",47.8260869565217
"14166","gRNA_57","YAL063C",23,566,588,46.1,"CCATCAATGGTATCAAGCCATGG","|||||||||||||||||||||||",0,"0","valid",-4.4,"CCATCAATGGTATCAAGCCATGG",47.8260869565217
"7997","gRNA_31","YKR102W",23,3364,3386,38.2,"CAGCCTCGTAGCACACCAGCAAG","|||||||||X|||||||||||||",1,"10","valid",-1,"CAGCCTCGTAGCACACCAGCAAG",60.8695652173913
"7996","gRNA_31","YAL065C",23,238,260,46.1,"CAGCCTCGTAGCACACCAGCAAG","|||||||||||||||||||||||",0,"0","valid",-1,"CAGCCTCGTAGCACACCAGCAAG",60.8695652173913
"7995","gRNA_31","YAL063C",23,3823,3845,46.1,"CAGCCTCGTAGCACACCAGCAAG","|||||||||||||||||||||||",0,"0","valid",-1,"CAGCCTCGTAGCACACCAGCAAG",60.8695652173913
"7994","gRNA_31","YAR050W",23,4468,4490,46.1,"CAGCCTCGTAGCACACCAGCAAG","|||||||||||||||||||||||",0,"0","valid",-1,"CAGCCTCGTAGCACACCAGCAAG",60.8695652173913
"7993","gRNA_31","YHR211W",23,3082,3104,46.1,"CAGCCTCGTAGCACACCAGCAAG","|||||||||||||||||||||||",0,"0","valid",-1,"CAGCCTCGTAGCACACCAGCAAG",60.8695652173913
"7818","gRNA_30","YAL065C",23,142,164,46.1,"ACCGATGTGATTGGTCACAGCAG","|||||||||||||||||||||||",0,"0","valid",-3.6,"ACCGATGTGATTGGTCACAGCAG",52.1739130434783
"7817","gRNA_30","YAL063C",23,3727,3749,46.1,"ACCGATGTGATTGGTCACAGCAG","|||||||||||||||||||||||",0,"0","valid",-3.6,"ACCGATGTGATTGGTCACAGCAG",52.1739130434783
"7816","gRNA_30","YAR050W",23,4372,4394,46.1,"ACCGATGTGATTGGTCACAGCAG","|||||||||||||||||||||||",0,"0","valid",-3.6,"ACCGATGTGATTGGTCACAGCAG",52.1739130434783
"7815","gRNA_30","YHR211W",23,2986,3008,46.1,"ACCGATGTGATTGGTCACAGCAG","|||||||||||||||||||||||",0,"0","valid",-3.6,"ACCGATGTGATTGGTCACAGCAG",52.1739130434783
"8369","gRNA_33","YAL063C",23,3468,3446,38.2,"ACACACACCAGATTCGCAGGAAG","|||||||||||||X|||||||||",1,"14","valid",-0.4,"ACACACACCAGATTCGCAGGAAG",52.1739130434783
"8368","gRNA_33","YAL064W-B",23,24,46,46.1,"ACACACACCAGATTCGCAGGAAG","|||||||||||||||||||||||",0,"0","valid",-0.4,"ACACACACCAGATTCGCAGGAAG",52.1739130434783
"8367","gRNA_33","YAR050W",23,4086,4064,46.1,"ACACACACCAGATTCGCAGGAAG","|||||||||||||||||||||||",0,"0","valid",-0.4,"ACACACACCAGATTCGCAGGAAG",52.1739130434783
"8365","gRNA_33","YHR211W",23,2754,2732,46.1,"ACACACACCAGATTCGCAGGAAG","|||||||||||||||||||||||",0,"0","valid",-0.4,"ACACACACCAGATTCGCAGGAAG",52.1739130434783
"8553","gRNA_34","YAL063C",21,3418,3398,42.1,"TCGATTCTGTGGTGGAAATAG","XX|||||||||||||||||||||",2,"1,2","valid",-1.4,"CCTCGATTCTGTGGTGGAAATAG",47.8260869565217
"8550","gRNA_34","YHR211W",21,2704,2684,42.1,"TCGATTCTGTGGTGGAAATAG","XX|||||||||||||||||||||",2,"1,2","valid",-1.4,"CCTCGATTCTGTGGTGGAAATAG",47.8260869565217
"8548","gRNA_34","YAL064W-B",23,72,94,46.1,"CCTCGATTCTGTGGTGGAAATAG","|||||||||||||||||||||||",0,"0","valid",-1.4,"CCTCGATTCTGTGGTGGAAATAG",47.8260869565217
"8546","gRNA_34","YAR050W",23,4038,4016,46.1,"CCTCGATTCTGTGGTGGAAATAG","|||||||||||||||||||||||",0,"0","valid",-1.4,"CCTCGATTCTGTGGTGGAAATAG",47.8260869565217
"9020","gRNA_36","YHR211W",23,2637,2615,30.2,"GCTTATAGATACAATGGCTGGAG","||||X||||X|||||||||||||",2,"5,10","valid",-0.9,"GCTTATAGATACAATGGCTGGAG",43.4782608695652
"9019","gRNA_36","YAL063C",23,3351,3329,38.2,"GCTTATAGATACAATGGCTGGAG","||||X||||||||||||||||||",1,"5","valid",-0.9,"GCTTATAGATACAATGGCTGGAG",43.4782608695652
"9018","gRNA_36","YAR050W",23,3969,3947,38.2,"GCTTATAGATACAATGGCTGGAG","||||X||||||||||||||||||",1,"5","valid",-0.9,"GCTTATAGATACAATGGCTGGAG",43.4782608695652
"9017","gRNA_36","YAL064W-B",23,141,163,46.1,"GCTTATAGATACAATGGCTGGAG","|||||||||||||||||||||||",0,"0","valid",-0.9,"GCTTATAGATACAATGGCTGGAG",43.4782608695652
"9283","gRNA_37","YHR211W",23,2613,2591,38.2,"AGCAGTCTTAGAGCATACGTCAG","|||||||||||||||||X|||||",1,"18","valid",0,"AGCAGTCTTAGAGCATACGTCAG",47.8260869565217
"9282","gRNA_37","YAL064W-B",23,165,187,46.1,"AGCAGTCTTAGAGCATACGTCAG","|||||||||||||||||||||||",0,"0","valid",0,"AGCAGTCTTAGAGCATACGTCAG",47.8260869565217
"9281","gRNA_37","YAL063C",23,3327,3305,46.1,"AGCAGTCTTAGAGCATACGTCAG","|||||||||||||||||||||||",0,"0","valid",0,"AGCAGTCTTAGAGCATACGTCAG",47.8260869565217
"9280","gRNA_37","YAR050W",23,3945,3923,46.1,"AGCAGTCTTAGAGCATACGTCAG","|||||||||||||||||||||||",0,"0","valid",0,"AGCAGTCTTAGAGCATACGTCAG",47.8260869565217
"9409","gRNA_38","YHR211W",18,2459,2442,36.2,"GTGGTATACTCTGTTGTG","XXXX||||||||||||||||||X",5,"1,2,3,4,23","valid",-1.8,"CCATGTGGTATACTCTGTTGTGG",47.8260869565217
"9408","gRNA_38","YAR050W",22,3816,3795,44.1,"CCATGTGGTATACTCTGTTGTG","||||||||||||||||||||||X",1,"23","valid",-1.8,"CCATGTGGTATACTCTGTTGTGG",47.8260869565217
"9407","gRNA_38","YAL064W-B",23,294,316,46.1,"CCATGTGGTATACTCTGTTGTGG","|||||||||||||||||||||||",0,"0","valid",-1.8,"CCATGTGGTATACTCTGTTGTGG",47.8260869565217
"9406","gRNA_38","YAL063C",23,3177,3155,46.1,"CCATGTGGTATACTCTGTTGTGG","|||||||||||||||||||||||",0,"0","valid",-1.8,"CCATGTGGTATACTCTGTTGTGG",47.8260869565217
"9804","gRNA_40","YAL063C",23,3112,3090,38.2,"AGATGGATTCAGTGCACACATGA","||||X||||||||||||||||||",1,"5","valid",0,"AGATGGATTCAGTGCACACATGA",43.4782608695652
"9803","gRNA_40","YHR211W",23,2398,2376,38.2,"AGATGGATTCAGTGCACACATGA","|||||||||||||X|||||||||",1,"14","valid",0,"AGATGGATTCAGTGCACACATGA",43.4782608695652
"9802","gRNA_40","YAL064W-B",23,359,381,46.1,"AGATGGATTCAGTGCACACATGA","|||||||||||||||||||||||",0,"0","valid",0,"AGATGGATTCAGTGCACACATGA",43.4782608695652
"9801","gRNA_40","YAR050W",23,3751,3729,46.1,"AGATGGATTCAGTGCACACATGA","|||||||||||||||||||||||",0,"0","valid",0,"AGATGGATTCAGTGCACACATGA",43.4782608695652
"10459","gRNA_43","YAR062W",23,292,314,38.2,"TTGCCTGATGTTACTACTGTTAG","||||||||||X||||||||||||",1,"11","valid",-1.2,"TTGCCTGATGTTACTACTGTTAG",39.1304347826087
"10458","gRNA_43","YHR211W",23,709,731,38.2,"TTGCCTGATGTTACTACTGTTAG","||||||||||X||||||||||||",1,"11","valid",-1.2,"TTGCCTGATGTTACTACTGTTAG",39.1304347826087
"10457","gRNA_43","YHR213W",23,292,314,38.2,"TTGCCTGATGTTACTACTGTTAG","||||||||||X||||||||||||",1,"11","valid",-1.2,"TTGCCTGATGTTACTACTGTTAG",39.1304347826087
"10456","gRNA_43","YAL064C-A",23,292,314,46.1,"TTGCCTGATGTTACTACTGTTAG","|||||||||||||||||||||||",0,"0","valid",-1.2,"TTGCCTGATGTTACTACTGTTAG",39.1304347826087
"13822","gRNA_55","YAR062W",23,82,104,30.2,"GTCGGTGGTAGCATTGCGTTCGA","||||||||||X|X||||||||||",2,"11,13","valid",-3.3,"GTCGGTGGTAGCATTGCGTTCGA",56.5217391304348
"13821","gRNA_55","YHR213W",23,82,104,30.2,"GTCGGTGGTAGCATTGCGTTCGA","||||||||||X|X||||||||||",2,"11,13","valid",-3.3,"GTCGGTGGTAGCATTGCGTTCGA",56.5217391304348
"13820","gRNA_55","YAL063C",23,499,521,46.1,"GTCGGTGGTAGCATTGCGTTCGA","|||||||||||||||||||||||",0,"0","valid",-3.3,"GTCGGTGGTAGCATTGCGTTCGA",56.5217391304348
"13817","gRNA_55","YHR211W",23,499,521,46.1,"GTCGGTGGTAGCATTGCGTTCGA","|||||||||||||||||||||||",0,"0","valid",-3.3,"GTCGGTGGTAGCATTGCGTTCGA",56.5217391304348
"8849","gRNA_35","YAL063C",23,3396,3374,38.2,"ACACCATGTCGTGTATTCTGTGG","|||||||||X|||||||||||||",1,"10","valid",-2.4,"ACACCATGTCGTGTATTCTGTGG",47.8260869565217
"8848","gRNA_35","YHR211W",23,2682,2660,38.2,"ACACCATGTCGTGTATTCTGTGG","|||||||||X|||||||||||||",1,"10","valid",-2.4,"ACACCATGTCGTGTATTCTGTGG",47.8260869565217
"8847","gRNA_35","YAL064W-B",23,96,118,46.1,"ACACCATGTCGTGTATTCTGTGG","|||||||||||||||||||||||",0,"0","valid",-2.4,"ACACCATGTCGTGTATTCTGTGG",47.8260869565217
"9613","gRNA_39","YAL064W-B",23,321,343,46.1,"GCTAACAGTAACGGTGGCCGTGG","|||||||||||||||||||||||",0,"0","valid",-3.1,"GCTAACAGTAACGGTGGCCGTGG",60.8695652173913
"9611","gRNA_39","YAL063C",23,3150,3128,46.1,"GCTAACAGTAACGGTGGCCGTGG","|||||||||||||||||||||||",0,"0","valid",-3.1,"GCTAACAGTAACGGTGGCCGTGG",60.8695652173913
"9609","gRNA_39","YHR211W",23,2436,2414,46.1,"GCTAACAGTAACGGTGGCCGTGG","|||||||||||||||||||||||",0,"0","valid",-3.1,"GCTAACAGTAACGGTGGCCGTGG",60.8695652173913
"12128","gRNA_49","YAR050W",20,147,166,40.1,"AGATTCCTCCACATATTCGA","XXX||||||||||||||||||||",3,"1,2,3","valid",-1.6,"GAGAGATTCCTCCACATATTCGA",43.4782608695652
"12127","gRNA_49","YHR211W",20,147,166,40.1,"AGATTCCTCCACATATTCGA","XXX||||||||||||||||||||",3,"1,2,3","valid",-1.6,"GAGAGATTCCTCCACATATTCGA",43.4782608695652
"12126","gRNA_49","YAL063C",23,144,166,46.1,"GAGAGATTCCTCCACATATTCGA","|||||||||||||||||||||||",0,"0","valid",-1.6,"GAGAGATTCCTCCACATATTCGA",43.4782608695652
"12400","gRNA_50","YAL063C",23,167,189,46.1,"ATGCAGCATATATGGCTTATGGA","|||||||||||||||||||||||",0,"0","valid",-1.1,"ATGCAGCATATATGGCTTATGGA",39.1304347826087
"12399","gRNA_50","YAR050W",23,167,189,46.1,"ATGCAGCATATATGGCTTATGGA","|||||||||||||||||||||||",0,"0","valid",-1.1,"ATGCAGCATATATGGCTTATGGA",39.1304347826087
"12398","gRNA_50","YHR211W",23,167,189,46.1,"ATGCAGCATATATGGCTTATGGA","|||||||||||||||||||||||",0,"0","valid",-1.1,"ATGCAGCATATATGGCTTATGGA",39.1304347826087
"12622","gRNA_51","YAL063C",23,211,233,46.1,"GGTTCTGTCGGAGGACAAACTGA","|||||||||||||||||||||||",0,"0","valid",-6,"GGTTCTGTCGGAGGACAAACTGA",52.1739130434783
"12621","gRNA_51","YAR050W",23,211,233,46.1,"GGTTCTGTCGGAGGACAAACTGA","|||||||||||||||||||||||",0,"0","valid",-6,"GGTTCTGTCGGAGGACAAACTGA",52.1739130434783
"12620","gRNA_51","YHR211W",23,211,233,46.1,"GGTTCTGTCGGAGGACAAACTGA","|||||||||||||||||||||||",0,"0","valid",-6,"GGTTCTGTCGGAGGACAAACTGA",52.1739130434783
"12774","gRNA_52","YAR050W",23,244,266,38.2,"GATTATAATATTCCTTGTGTTAG","||||||||||||||X||||||||",1,"15","valid",-1.5,"GATTATAATATTCCTTGTGTTAG",26.0869565217391
"12773","gRNA_52","YHR211W",23,244,266,38.2,"GATTATAATATTCCTTGTGTTAG","||||||||||||||X||||||||",1,"15","valid",-1.5,"GATTATAATATTCCTTGTGTTAG",26.0869565217391
"12772","gRNA_52","YAL063C",23,244,266,46.1,"GATTATAATATTCCTTGTGTTAG","|||||||||||||||||||||||",0,"0","valid",-1.5,"GATTATAATATTCCTTGTGTTAG",26.0869565217391
"13602","gRNA_54","YAR050W",21,354,374,42.1,"AATTGCATACTGGAGTACTGA","XX|||||||||||||||||||||",2,"1,2","valid",-0.1,"ATAATTGCATACTGGAGTACTGA",34.7826086956522
"13601","gRNA_54","YHR211W",21,354,374,42.1,"AATTGCATACTGGAGTACTGA","XX|||||||||||||||||||||",2,"1,2","valid",-0.1,"ATAATTGCATACTGGAGTACTGA",34.7826086956522
"13600","gRNA_54","YAL063C",23,352,374,46.1,"ATAATTGCATACTGGAGTACTGA","|||||||||||||||||||||||",0,"0","valid",-0.1,"ATAATTGCATACTGGAGTACTGA",34.7826086956522
"6550","gRNA_26","YLR386W",19,2430,2413,22.3,"CCTTATCAGTATCTGATGA","XXXX||||||||X||||||||||",5,"1,2,3,4,13","valid",-4.2,"GAAACCTTATCAGTATCTGATGA",34.7826086956522
"6516","gRNA_26","YAL067C",23,1753,1775,46.1,"GAAACCTTATCAGTATCTGATGA","|||||||||||||||||||||||",0,"0","valid",-4.2,"GAAACCTTATCAGTATCTGATGA",34.7826086956522
"14031","gRNA_56","YAL063C",23,534,556,46.1,"AGAACAACCTCCCATCACGTCGA","|||||||||||||||||||||||",0,"0","valid",0,"AGAACAACCTCCCATCACGTCGA",52.1739130434783
"14029","gRNA_56","YHR211W",23,534,556,46.1,"AGAACAACCTCCCATCACGTCGA","|||||||||||||||||||||||",0,"0","valid",0,"AGAACAACCTCCCATCACGTCGA",52.1739130434783
"1","gRNA_1","YAL069W",23,154,176,46.1,"CTCCATGGCCCATCTCTCACTGA","|||||||||||||||||||||||",0,"0","valid",0,"CTCCATGGCCCATCTCTCACTGA",56.5217391304348
"2523","gRNA_12","YAL067C",23,9,31,46.1,"AATTGTTAAAGAGATTATTGTAG","|||||||||||||||||||||||",0,"0","valid",0,"AATTGTTAAAGAGATTATTGTAG",60.8695652173913
"3032","gRNA_13","YAL067C",23,32,54,46.1,"ATCCTTACAAAAGACTAAAATGG","|||||||||||||||||||||||",0,"0","valid",0,"ATCCTTACAAAAGACTAAAATGG",30.4347826086957
"3427","gRNA_14","YAL067C",23,72,94,46.1,"GCGGCAGGTGGAAGACCTGCCAG","|||||||||||||||||||||||",0,"0","valid",-13.7,"GCGGCAGGTGGAAGACCTGCCAG",69.5652173913043
"3621","gRNA_15","YAL067C",23,235,257,46.1,"GTGAACGTTACTAGAAGTTATGA","|||||||||||||||||||||||",0,"0","valid",-0.6,"GTGAACGTTACTAGAAGTTATGA",34.7826086956522
"3929","gRNA_16","YAL067C",23,384,406,46.1,"AAAAAAATTATTAATTAAATTGG","|||||||||||||||||||||||",0,"0","valid",0,"AAAAAAATTATTAATTAAATTGG",43.4782608695652
"4172","gRNA_17","YAL067C",23,669,691,46.1,"TGTCAATTCTGTACCACACTTGA","|||||||||||||||||||||||",0,"0","valid",0,"TGTCAATTCTGTACCACACTTGA",39.1304347826087
"4481","gRNA_18","YAL067C",23,817,839,46.1,"TATATCGGTATTCTATCCGCTGG","|||||||||||||||||||||||",0,"0","valid",-2.3,"TATATCGGTATTCTATCCGCTGG",43.4782608695652
"4731","gRNA_19","YAL067C",23,915,937,46.1,"TGACGCTATTGTGTCTGTCGTAG","|||||||||||||||||||||||",0,"0","valid",-6.2,"TGACGCTATTGTGTCTGTCGTAG",47.8260869565217
"4900","gRNA_20","YAL067C",23,1005,1027,46.1,"TGATGAAATTAGGTTGGCGAGGA","|||||||||||||||||||||||",0,"0","valid",0,"TGATGAAATTAGGTTGGCGAGGA",43.4782608695652
"5367","gRNA_21","YAL067C",23,1074,1096,46.1,"AGTATTCGATATTAAACTGTGGA","|||||||||||||||||||||||",0,"0","valid",-0.8,"AGTATTCGATATTAAACTGTGGA",30.4347826086957
"5682","gRNA_22","YAL067C",23,1233,1255,46.1,"TCAGTTATCCATGATTACTCCGG","|||||||||||||||||||||||",0,"0","valid",-0.8,"TCAGTTATCCATGATTACTCCGG",43.4782608695652
"5912","gRNA_23","YAL067C",23,1295,1317,46.1,"CAGATAAATTACACTCTCGTTGG","|||||||||||||||||||||||",0,"0","valid",0,"CAGATAAATTACACTCTCGTTGG",39.1304347826087
"6176","gRNA_24","YAL067C",23,1356,1378,46.1,"TAACTCCATATTAGCCGCTTGGG","|||||||||||||||||||||||",0,"0","valid",-1.5,"TAACTCCATATTAGCCGCTTGGG",47.8260869565217
"6344","gRNA_25","YAL067C",23,1471,1493,46.1,"TGTCGCCGAGATGCTCAAACTAG","|||||||||||||||||||||||",0,"0","valid",-0.7,"TGTCGCCGAGATGCTCAAACTAG",52.1739130434783
"6858","gRNA_27","YAL066W",23,1,23,46.1,"ATGTTATCTCTTGTAAAAAGAAG","|||||||||||||||||||||||",0,"0","valid",-1.7,"ATGTTATCTCTTGTAAAAAGAAG",26.0869565217391
"7374","gRNA_28","YAL066W",23,287,309,46.1,"CTTCCGATACATCATGTATATAG","|||||||||||||||||||||||",0,"0","valid",-1.4,"CTTCCGATACATCATGTATATAG",34.7826086956522
"8139","gRNA_32","YAL065C",23,289,311,46.1,"TTAGAAATCTCAACCTACGTTGG","|||||||||||||||||||||||",0,"0","valid",-2.2,"TTAGAAATCTCAACCTACGTTGG",39.1304347826087
"9976","gRNA_41","YAL064C-A",23,82,104,46.1,"GTCGGTGGCGACGTTGCATTCGG","|||||||||||||||||||||||",0,"0","valid",-5.3,"GTCGGTGGCGACGTTGCATTCGG",65.2173913043478
"10092","gRNA_42","YAL064C-A",23,166,188,46.1,"CCATGGCAAGGAAGATTGCCCGA","|||||||||||||||||||||||",0,"0","valid",-6.3,"CCATGGCAAGGAAGATTGCCCGA",56.5217391304348
"10709","gRNA_44","YAL064C-A",23,359,381,46.1,"CAGCCCAATTGTACTATCCCTGA","|||||||||||||||||||||||",0,"0","valid",0,"CAGCCCAATTGTACTATCCCTGA",47.8260869565217
"10925","gRNA_45","YAL064W",23,71,93,46.1,"TTGAAAGTCAGGTCAAAGACAGA","|||||||||||||||||||||||",0,"0","valid",-2.1,"TTGAAAGTCAGGTCAAAGACAGA",39.1304347826087
"11241","gRNA_46","YAL064W",23,96,118,46.1,"CCGGTTCCCCATATTCAGATTGG","|||||||||||||||||||||||",0,"0","valid",-1.5,"CCGGTTCCCCATATTCAGATTGG",52.1739130434783
"11508","gRNA_47","YAL063C",23,72,94,46.1,"GACTACAGCGGCATGCCTGCCAG","|||||||||||||||||||||||",0,"0","valid",-5,"GACTACAGCGGCATGCCTGCCAG",65.2173913043478
"11598","gRNA_48","YAL063C",23,96,118,46.1,"AAACTCAAGGAAGAATGGTATGA","|||||||||||||||||||||||",0,"0","valid",0,"AAACTCAAGGAAGAATGGTATGA",34.7826086956522
"13233","gRNA_53","YAL063C",23,310,332,46.1,"AATTGGGGATGCAAAGGAATTGG","|||||||||||||||||||||||",0,"0","valid",-0.1,"AATTGGGGATGCAAAGGAATTGG",43.4782608695652
"14563","gRNA_58","YAL063C",23,594,616,46.1,"AAGTCCCCCTGATAATATTACAG","|||||||||||||||||||||||",0,"0","valid",0,"AAGTCCCCCTGATAATATTACAG",39.1304347826087
"14887","gRNA_59","YAL063C",23,709,731,46.1,"CTACCAGATGGCACTACCGTTAG","|||||||||||||||||||||||",0,"0","valid",-3.3,"CTACCAGATGGCACTACCGTTAG",52.1739130434783
"15054","gRNA_60","YAL063C",23,777,799,46.1,"CCAGCCAAACTGTACCATTCCAG","|||||||||||||||||||||||",0,"0","valid",-0.6,"CCAGCCAAACTGTACCATTCCAG",52.1739130434783
